"attendance_id","employee_id","attendance_date","status","working_hours"
1,1001,"2025-01-01","Present","9.6"
2,1001,"2025-01-02","Present","7.6"
3,1001,"2025-01-03","Present","7.1"
4,1001,"2025-01-04","Weekend","0.0"
5,1001,"2025-01-05","Weekend","0.0"
6,1001,"2025-01-06","WFH","8.5"
7,1001,"2025-01-07","Present","9.0"
8,1001,"2025-01-08","Present","9.5"
9,1001,"2025-01-09","Present","8.6"
10,1001,"2025-01-10","Present","7.3"
11,1001,"2025-01-11","Weekend","0.0"
12,1001,"2025-01-12","Weekend","0.0"
13,1001,"2025-01-13","Present","9.2"
14,1001,"2025-01-14","Present","8.8"
15,1001,"2025-01-15","Present","9.1"
16,1001,"2025-01-16","Absent","0.0"
17,1001,"2025-01-17","Present","8.3"
18,1001,"2025-01-18","Weekend","0.0"
19,1001,"2025-01-19","Weekend","0.0"
20,1001,"2025-01-20","Present","8.7"
21,1001,"2025-01-21","Present","8.0"
22,1001,"2025-01-22","Present","7.3"
23,1001,"2025-01-23","Present","9.4"
24,1001,"2025-01-24","Present","8.3"
25,1001,"2025-01-25","Weekend","0.0"
26,1001,"2025-01-26","Weekend","0.0"
27,1001,"2025-01-27","Leave","0.0"
28,1001,"2025-01-28","Present","6.0"
29,1001,"2025-01-29","Present","9.4"
30,1001,"2025-01-30","Present","8.0"
31,1001,"2025-01-31","WFH","8.0"
32,1001,"2025-02-01","Weekend","0.0"
33,1001,"2025-02-02","Weekend","0.0"
34,1001,"2025-02-03","Present","8.4"
35,1001,"2025-02-04","Present","7.6"
36,1001,"2025-02-05","Present","6.5"
37,1001,"2025-02-06","Present","8.5"
38,1001,"2025-02-07","WFH","7.7"
39,1001,"2025-02-08","Weekend","0.0"
40,1001,"2025-02-09","Weekend","0.0"
41,1001,"2025-02-10","Present","6.8"
42,1001,"2025-02-11","Present","8.9"
43,1001,"2025-02-12","Present","6.4"
44,1001,"2025-02-13","Present","6.5"
45,1001,"2025-02-14","Present","9.8"
46,1001,"2025-02-15","Weekend","0.0"
47,1001,"2025-02-16","Weekend","0.0"
48,1001,"2025-02-17","Present","8.7"
49,1001,"2025-02-18","Present","6.3"
50,1001,"2025-02-19","Present","8.3"
51,1001,"2025-02-20","Present","6.0"
52,1001,"2025-02-21","WFH","7.9"
53,1001,"2025-02-22","Weekend","0.0"
54,1001,"2025-02-23","Weekend","0.0"
55,1001,"2025-02-24","Present","6.8"
56,1001,"2025-02-25","Present","9.1"
57,1001,"2025-02-26","Present","9.0"
58,1001,"2025-02-27","Present","7.1"
59,1001,"2025-02-28","Present","9.8"
60,1001,"2025-03-01","Weekend","0.0"
61,1001,"2025-03-02","Weekend","0.0"
62,1001,"2025-03-03","Present","7.1"
63,1001,"2025-03-04","Present","8.5"
64,1001,"2025-03-05","Present","8.9"
65,1001,"2025-03-06","Present","8.8"
66,1001,"2025-03-07","Present","7.0"
67,1001,"2025-03-08","Weekend","0.0"
68,1001,"2025-03-09","Weekend","0.0"
69,1001,"2025-03-10","Present","6.4"
70,1001,"2025-03-11","WFH","9.9"
71,1001,"2025-03-12","Present","6.0"
72,1001,"2025-03-13","Present","8.4"
73,1001,"2025-03-14","WFH","7.5"
74,1001,"2025-03-15","Weekend","0.0"
75,1001,"2025-03-16","Weekend","0.0"
76,1001,"2025-03-17","WFH","8.6"
77,1001,"2025-03-18","Present","8.6"
78,1001,"2025-03-19","Present","8.9"
79,1001,"2025-03-20","Present","6.1"
80,1001,"2025-03-21","Absent","0.0"
81,1001,"2025-03-22","Weekend","0.0"
82,1001,"2025-03-23","Weekend","0.0"
83,1001,"2025-03-24","Present","6.9"
84,1001,"2025-03-25","Present","6.2"
85,1001,"2025-03-26","Present","8.9"
86,1001,"2025-03-27","Present","6.8"
87,1001,"2025-03-28","WFH","7.2"
88,1001,"2025-03-29","Weekend","0.0"
89,1001,"2025-03-30","Weekend","0.0"
90,1001,"2025-03-31","Present","8.8"
91,1001,"2025-04-01","Present","6.0"
92,1001,"2025-04-02","Present","9.9"
93,1001,"2025-04-03","WFH","6.4"
94,1001,"2025-04-04","Absent","0.0"
95,1001,"2025-04-05","Weekend","0.0"
96,1001,"2025-04-06","Weekend","0.0"
97,1001,"2025-04-07","Present","8.2"
98,1001,"2025-04-08","Present","7.4"
99,1001,"2025-04-09","Leave","0.0"
100,1001,"2025-04-10","Present","8.2"
101,1001,"2025-04-11","Present","8.4"
102,1001,"2025-04-12","Weekend","0.0"
103,1001,"2025-04-13","Weekend","0.0"
104,1001,"2025-04-14","Present","7.4"
105,1001,"2025-04-15","Present","6.5"
106,1001,"2025-04-16","Present","9.4"
107,1001,"2025-04-17","Present","8.6"
108,1001,"2025-04-18","Present","9.5"
109,1001,"2025-04-19","Weekend","0.0"
110,1001,"2025-04-20","Weekend","0.0"
111,1001,"2025-04-21","Present","6.4"
112,1001,"2025-04-22","WFH","8.2"
113,1001,"2025-04-23","Absent","0.0"
114,1001,"2025-04-24","Present","6.4"
115,1001,"2025-04-25","Present","6.6"
116,1001,"2025-04-26","Weekend","0.0"
117,1001,"2025-04-27","Weekend","0.0"
118,1001,"2025-04-28","Present","6.7"
119,1001,"2025-04-29","Present","8.4"
120,1001,"2025-04-30","Absent","0.0"
121,1001,"2025-05-01","Leave","0.0"
122,1001,"2025-05-02","Present","9.4"
123,1001,"2025-05-03","Weekend","0.0"
124,1001,"2025-05-04","Weekend","0.0"
125,1001,"2025-05-05","Present","6.7"
126,1001,"2025-05-06","Present","7.0"
127,1001,"2025-05-07","WFH","6.5"
128,1001,"2025-05-08","Present","7.9"
129,1001,"2025-05-09","WFH","8.4"
130,1001,"2025-05-10","Weekend","0.0"
131,1001,"2025-05-11","Weekend","0.0"
132,1001,"2025-05-12","Present","9.8"
133,1001,"2025-05-13","Present","9.9"
134,1001,"2025-05-14","Present","7.9"
135,1001,"2025-05-15","Present","6.4"
136,1001,"2025-05-16","WFH","8.0"
137,1001,"2025-05-17","Weekend","0.0"
138,1001,"2025-05-18","Weekend","0.0"
139,1001,"2025-05-19","Leave","0.0"
140,1001,"2025-05-20","Present","8.2"
141,1001,"2025-05-21","Present","9.4"
142,1001,"2025-05-22","Present","6.8"
143,1001,"2025-05-23","Present","8.9"
144,1001,"2025-05-24","Weekend","0.0"
145,1001,"2025-05-25","Weekend","0.0"
146,1001,"2025-05-26","Present","6.2"
147,1001,"2025-05-27","Present","6.5"
148,1001,"2025-05-28","Present","6.4"
149,1001,"2025-05-29","Absent","0.0"
150,1001,"2025-05-30","Present","9.9"
151,1001,"2025-05-31","Weekend","0.0"
152,1001,"2025-06-01","Weekend","0.0"
153,1001,"2025-06-02","WFH","6.5"
154,1001,"2025-06-03","Leave","0.0"
155,1001,"2025-06-04","Present","6.6"
156,1001,"2025-06-05","Present","7.7"
157,1001,"2025-06-06","Present","7.6"
158,1001,"2025-06-07","Weekend","0.0"
159,1001,"2025-06-08","Weekend","0.0"
160,1001,"2025-06-09","Leave","0.0"
161,1001,"2025-06-10","Present","7.8"
162,1001,"2025-06-11","Present","9.8"
163,1001,"2025-06-12","Present","9.5"
164,1001,"2025-06-13","Present","7.8"
165,1001,"2025-06-14","Weekend","0.0"
166,1001,"2025-06-15","Weekend","0.0"
167,1001,"2025-06-16","WFH","7.7"
168,1001,"2025-06-17","Present","6.6"
169,1001,"2025-06-18","Absent","0.0"
170,1001,"2025-06-19","Present","7.2"
171,1001,"2025-06-20","Present","8.8"
172,1001,"2025-06-21","Weekend","0.0"
173,1001,"2025-06-22","Weekend","0.0"
174,1001,"2025-06-23","Present","8.7"
175,1001,"2025-06-24","Present","8.8"
176,1001,"2025-06-25","Present","8.5"
177,1001,"2025-06-26","Present","8.9"
178,1001,"2025-06-27","Absent","0.0"
179,1001,"2025-06-28","Weekend","0.0"
180,1001,"2025-06-29","Weekend","0.0"
181,1001,"2025-06-30","Present","7.2"
182,1001,"2025-07-01","Present","7.5"
183,1001,"2025-07-02","Present","6.3"
184,1001,"2025-07-03","Present","7.7"
185,1001,"2025-07-04","Present","8.0"
186,1001,"2025-07-05","Weekend","0.0"
187,1001,"2025-07-06","Weekend","0.0"
188,1001,"2025-07-07","Present","8.9"
189,1001,"2025-07-08","Present","6.1"
190,1001,"2025-07-09","Present","6.8"
191,1001,"2025-07-10","Present","8.3"
192,1001,"2025-07-11","Present","6.0"
193,1001,"2025-07-12","Weekend","0.0"
194,1001,"2025-07-13","Weekend","0.0"
195,1001,"2025-07-14","Present","7.4"
196,1001,"2025-07-15","Present","9.7"
197,1001,"2025-07-16","Present","6.9"
198,1001,"2025-07-17","Present","9.1"
199,1001,"2025-07-18","WFH","6.2"
200,1001,"2025-07-19","Weekend","0.0"
201,1001,"2025-07-20","Weekend","0.0"
202,1001,"2025-07-21","Absent","0.0"
203,1001,"2025-07-22","Present","8.1"
204,1001,"2025-07-23","Present","7.9"
205,1001,"2025-07-24","Present","6.3"
206,1001,"2025-07-25","Present","9.1"
207,1001,"2025-07-26","Weekend","0.0"
208,1001,"2025-07-27","Weekend","0.0"
209,1001,"2025-07-28","WFH","8.2"
210,1001,"2025-07-29","Present","9.0"
211,1001,"2025-07-30","Present","9.7"
212,1001,"2025-07-31","Present","6.3"
213,1001,"2025-08-01","Present","7.7"
214,1001,"2025-08-02","Weekend","0.0"
215,1001,"2025-08-03","Weekend","0.0"
216,1001,"2025-08-04","Present","6.3"
217,1001,"2025-08-05","Present","7.1"
218,1001,"2025-08-06","Present","9.4"
219,1001,"2025-08-07","Present","6.6"
220,1001,"2025-08-08","Present","9.7"
221,1001,"2025-08-09","Weekend","0.0"
222,1001,"2025-08-10","Weekend","0.0"
223,1001,"2025-08-11","Present","7.8"
224,1001,"2025-08-12","Present","7.2"
225,1001,"2025-08-13","Present","9.6"
226,1001,"2025-08-14","Present","7.9"
227,1001,"2025-08-15","WFH","6.9"
228,1001,"2025-08-16","Weekend","0.0"
229,1001,"2025-08-17","Weekend","0.0"
230,1001,"2025-08-18","WFH","8.6"
231,1001,"2025-08-19","Present","8.4"
232,1001,"2025-08-20","Present","6.5"
233,1001,"2025-08-21","Present","9.7"
234,1001,"2025-08-22","Present","6.7"
235,1001,"2025-08-23","Weekend","0.0"
236,1001,"2025-08-24","Weekend","0.0"
237,1001,"2025-08-25","Present","7.4"
238,1001,"2025-08-26","Present","9.8"
239,1001,"2025-08-27","Present","8.7"
240,1001,"2025-08-28","Present","6.7"
241,1001,"2025-08-29","Present","9.1"
242,1001,"2025-08-30","Weekend","0.0"
243,1001,"2025-08-31","Weekend","0.0"
244,1001,"2025-09-01","WFH","7.6"
245,1001,"2025-09-02","Present","9.1"
246,1001,"2025-09-03","Present","7.0"
247,1001,"2025-09-04","Leave","0.0"
248,1001,"2025-09-05","Absent","0.0"
249,1001,"2025-09-06","Weekend","0.0"
250,1001,"2025-09-07","Weekend","0.0"
251,1001,"2025-09-08","WFH","7.3"
252,1001,"2025-09-09","Present","6.5"
253,1001,"2025-09-10","Present","9.2"
254,1001,"2025-09-11","Present","8.4"
255,1001,"2025-09-12","Present","6.3"
256,1001,"2025-09-13","Weekend","0.0"
257,1001,"2025-09-14","Weekend","0.0"
258,1001,"2025-09-15","Present","6.8"
259,1001,"2025-09-16","Present","7.1"
260,1001,"2025-09-17","Present","9.6"
261,1001,"2025-09-18","Present","9.4"
262,1001,"2025-09-19","Present","6.7"
263,1001,"2025-09-20","Weekend","0.0"
264,1001,"2025-09-21","Weekend","0.0"
265,1001,"2025-09-22","Absent","0.0"
266,1001,"2025-09-23","Present","8.0"
267,1001,"2025-09-24","Present","8.0"
268,1001,"2025-09-25","Present","7.4"
269,1001,"2025-09-26","Present","7.2"
270,1001,"2025-09-27","Weekend","0.0"
271,1001,"2025-09-28","Weekend","0.0"
272,1001,"2025-09-29","Present","7.2"
273,1001,"2025-09-30","Present","8.4"
274,1001,"2025-10-01","Present","6.3"
275,1001,"2025-10-02","Present","6.8"
276,1001,"2025-10-03","Present","7.7"
277,1001,"2025-10-04","Weekend","0.0"
278,1001,"2025-10-05","Weekend","0.0"
279,1001,"2025-10-06","Present","8.6"
280,1001,"2025-10-07","Present","8.3"
281,1001,"2025-10-08","Present","9.3"
282,1001,"2025-10-09","Present","8.9"
283,1001,"2025-10-10","Present","8.1"
284,1001,"2025-10-11","Weekend","0.0"
285,1001,"2025-10-12","Weekend","0.0"
286,1001,"2025-10-13","Absent","0.0"
287,1001,"2025-10-14","Present","9.2"
288,1001,"2025-10-15","Present","7.5"
289,1001,"2025-10-16","Present","6.9"
290,1001,"2025-10-17","Present","9.3"
291,1001,"2025-10-18","Weekend","0.0"
292,1001,"2025-10-19","Weekend","0.0"
293,1001,"2025-10-20","WFH","6.4"
294,1001,"2025-10-21","Present","7.6"
295,1001,"2025-10-22","Absent","0.0"
296,1001,"2025-10-23","Present","9.3"
297,1001,"2025-10-24","WFH","9.0"
298,1001,"2025-10-25","Weekend","0.0"
299,1001,"2025-10-26","Weekend","0.0"
300,1001,"2025-10-27","WFH","7.2"
301,1001,"2025-10-28","Present","9.8"
302,1001,"2025-10-29","Present","8.7"
303,1001,"2025-10-30","Present","7.3"
304,1001,"2025-10-31","Leave","0.0"
305,1001,"2025-11-01","Weekend","0.0"
306,1001,"2025-11-02","Weekend","0.0"
307,1001,"2025-11-03","WFH","6.0"
308,1001,"2025-11-04","Present","6.6"
309,1001,"2025-11-05","Leave","0.0"
310,1001,"2025-11-06","Present","7.8"
311,1001,"2025-11-07","Present","6.2"
312,1001,"2025-11-08","Weekend","0.0"
313,1001,"2025-11-09","Weekend","0.0"
314,1001,"2025-11-10","Present","9.5"
315,1001,"2025-11-11","WFH","6.9"
316,1001,"2025-11-12","Present","8.3"
317,1001,"2025-11-13","Present","6.9"
318,1001,"2025-11-14","Present","7.2"
319,1001,"2025-11-15","Weekend","0.0"
320,1001,"2025-11-16","Weekend","0.0"
321,1001,"2025-11-17","Present","8.8"
322,1001,"2025-11-18","Present","9.7"
323,1001,"2025-11-19","Present","7.4"
324,1001,"2025-11-20","Present","6.2"
325,1001,"2025-11-21","WFH","10.0"
326,1001,"2025-11-22","Weekend","0.0"
327,1001,"2025-11-23","Weekend","0.0"
328,1001,"2025-11-24","Present","6.8"
329,1001,"2025-11-25","Present","6.5"
330,1001,"2025-11-26","Leave","0.0"
331,1001,"2025-11-27","Present","9.6"
332,1001,"2025-11-28","Present","6.4"
333,1001,"2025-11-29","Weekend","0.0"
334,1001,"2025-11-30","Weekend","0.0"
335,1001,"2025-12-01","Present","6.9"
336,1001,"2025-12-02","Present","6.2"
337,1001,"2025-12-03","Leave","0.0"
338,1001,"2025-12-04","Present","9.4"
339,1001,"2025-12-05","Present","8.0"
340,1001,"2025-12-06","Weekend","0.0"
341,1001,"2025-12-07","Weekend","0.0"
342,1001,"2025-12-08","Present","9.5"
343,1001,"2025-12-09","Present","9.1"
344,1001,"2025-12-10","Present","6.4"
345,1001,"2025-12-11","Absent","0.0"
346,1001,"2025-12-12","Present","6.7"
347,1001,"2025-12-13","Weekend","0.0"
348,1001,"2025-12-14","Weekend","0.0"
349,1001,"2025-12-15","Present","7.7"
350,1001,"2025-12-16","Present","8.7"
351,1001,"2025-12-17","Present","9.7"
352,1001,"2025-12-18","Present","9.1"
353,1001,"2025-12-19","Present","8.6"
354,1001,"2025-12-20","Weekend","0.0"
355,1001,"2025-12-21","Weekend","0.0"
356,1001,"2025-12-22","Present","6.2"
357,1001,"2025-12-23","Present","6.3"
358,1001,"2025-12-24","Present","8.5"
359,1001,"2025-12-25","WFH","6.5"
360,1001,"2025-12-26","Present","9.3"
361,1001,"2025-12-27","Weekend","0.0"
362,1001,"2025-12-28","Weekend","0.0"
363,1001,"2025-12-29","Present","9.6"
364,1001,"2025-12-30","Present","8.4"
365,1001,"2025-12-31","Present","6.5"
366,1002,"2025-01-01","Present","8.5"
367,1002,"2025-01-02","Present","7.7"
368,1002,"2025-01-03","Present","8.2"
369,1002,"2025-01-04","Weekend","0.0"
370,1002,"2025-01-05","Weekend","0.0"
371,1002,"2025-01-06","Present","7.7"
372,1002,"2025-01-07","WFH","7.6"
373,1002,"2025-01-08","Present","7.0"
374,1002,"2025-01-09","Present","7.1"
375,1002,"2025-01-10","Present","7.8"
376,1002,"2025-01-11","Weekend","0.0"
377,1002,"2025-01-12","Weekend","0.0"
378,1002,"2025-01-13","Present","6.2"
379,1002,"2025-01-14","Present","8.5"
380,1002,"2025-01-15","Absent","0.0"
381,1002,"2025-01-16","Present","9.0"
382,1002,"2025-01-17","Present","6.3"
383,1002,"2025-01-18","Weekend","0.0"
384,1002,"2025-01-19","Weekend","0.0"
385,1002,"2025-01-20","Present","7.4"
386,1002,"2025-01-21","WFH","8.9"
387,1002,"2025-01-22","Present","9.1"
388,1002,"2025-01-23","Present","7.0"
389,1002,"2025-01-24","Present","9.4"
390,1002,"2025-01-25","Weekend","0.0"
391,1002,"2025-01-26","Weekend","0.0"
392,1002,"2025-01-27","Leave","0.0"
393,1002,"2025-01-28","Present","8.8"
394,1002,"2025-01-29","Present","9.3"
395,1002,"2025-01-30","Present","9.5"
396,1002,"2025-01-31","WFH","7.7"
397,1002,"2025-02-01","Weekend","0.0"
398,1002,"2025-02-02","Weekend","0.0"
399,1002,"2025-02-03","Present","9.0"
400,1002,"2025-02-04","Leave","0.0"
401,1002,"2025-02-05","WFH","9.5"
402,1002,"2025-02-06","Present","8.8"
403,1002,"2025-02-07","WFH","7.5"
404,1002,"2025-02-08","Weekend","0.0"
405,1002,"2025-02-09","Weekend","0.0"
406,1002,"2025-02-10","WFH","9.5"
407,1002,"2025-02-11","Present","8.6"
408,1002,"2025-02-12","Present","7.9"
409,1002,"2025-02-13","Present","6.9"
410,1002,"2025-02-14","WFH","7.6"
411,1002,"2025-02-15","Weekend","0.0"
412,1002,"2025-02-16","Weekend","0.0"
413,1002,"2025-02-17","WFH","9.8"
414,1002,"2025-02-18","Present","6.9"
415,1002,"2025-02-19","WFH","8.4"
416,1002,"2025-02-20","Present","6.6"
417,1002,"2025-02-21","WFH","8.9"
418,1002,"2025-02-22","Weekend","0.0"
419,1002,"2025-02-23","Weekend","0.0"
420,1002,"2025-02-24","Present","7.7"
421,1002,"2025-02-25","Present","9.5"
422,1002,"2025-02-26","Absent","0.0"
423,1002,"2025-02-27","Present","7.2"
424,1002,"2025-02-28","Present","9.7"
425,1002,"2025-03-01","Weekend","0.0"
426,1002,"2025-03-02","Weekend","0.0"
427,1002,"2025-03-03","Present","6.3"
428,1002,"2025-03-04","Present","9.2"
429,1002,"2025-03-05","Leave","0.0"
430,1002,"2025-03-06","Present","6.1"
431,1002,"2025-03-07","Present","9.0"
432,1002,"2025-03-08","Weekend","0.0"
433,1002,"2025-03-09","Weekend","0.0"
434,1002,"2025-03-10","Present","7.5"
435,1002,"2025-03-11","Present","8.8"
436,1002,"2025-03-12","Present","7.1"
437,1002,"2025-03-13","WFH","8.7"
438,1002,"2025-03-14","Present","9.2"
439,1002,"2025-03-15","Weekend","0.0"
440,1002,"2025-03-16","Weekend","0.0"
441,1002,"2025-03-17","Leave","0.0"
442,1002,"2025-03-18","Present","7.3"
443,1002,"2025-03-19","WFH","7.8"
444,1002,"2025-03-20","Present","10.0"
445,1002,"2025-03-21","Present","8.7"
446,1002,"2025-03-22","Weekend","0.0"
447,1002,"2025-03-23","Weekend","0.0"
448,1002,"2025-03-24","Present","7.9"
449,1002,"2025-03-25","Present","9.4"
450,1002,"2025-03-26","Absent","0.0"
451,1002,"2025-03-27","Leave","0.0"
452,1002,"2025-03-28","Present","9.8"
453,1002,"2025-03-29","Weekend","0.0"
454,1002,"2025-03-30","Weekend","0.0"
455,1002,"2025-03-31","Present","6.6"
456,1002,"2025-04-01","Absent","0.0"
457,1002,"2025-04-02","Leave","0.0"
458,1002,"2025-04-03","Present","7.8"
459,1002,"2025-04-04","Present","6.5"
460,1002,"2025-04-05","Weekend","0.0"
461,1002,"2025-04-06","Weekend","0.0"
462,1002,"2025-04-07","Present","7.3"
463,1002,"2025-04-08","Present","9.3"
464,1002,"2025-04-09","Present","6.6"
465,1002,"2025-04-10","Present","6.9"
466,1002,"2025-04-11","Present","9.9"
467,1002,"2025-04-12","Weekend","0.0"
468,1002,"2025-04-13","Weekend","0.0"
469,1002,"2025-04-14","Present","7.5"
470,1002,"2025-04-15","Present","8.1"
471,1002,"2025-04-16","Present","8.8"
472,1002,"2025-04-17","Present","6.7"
473,1002,"2025-04-18","Present","8.0"
474,1002,"2025-04-19","Weekend","0.0"
475,1002,"2025-04-20","Weekend","0.0"
476,1002,"2025-04-21","Present","8.9"
477,1002,"2025-04-22","Present","6.7"
478,1002,"2025-04-23","Present","6.5"
479,1002,"2025-04-24","Present","6.8"
480,1002,"2025-04-25","Present","10.0"
481,1002,"2025-04-26","Weekend","0.0"
482,1002,"2025-04-27","Weekend","0.0"
483,1002,"2025-04-28","WFH","9.4"
484,1002,"2025-04-29","Present","6.2"
485,1002,"2025-04-30","Leave","0.0"
486,1002,"2025-05-01","Present","6.2"
487,1002,"2025-05-02","Present","9.0"
488,1002,"2025-05-03","Weekend","0.0"
489,1002,"2025-05-04","Weekend","0.0"
490,1002,"2025-05-05","Leave","0.0"
491,1002,"2025-05-06","Present","8.4"
492,1002,"2025-05-07","Present","6.9"
493,1002,"2025-05-08","Present","7.4"
494,1002,"2025-05-09","Present","8.9"
495,1002,"2025-05-10","Weekend","0.0"
496,1002,"2025-05-11","Weekend","0.0"
497,1002,"2025-05-12","Present","7.1"
498,1002,"2025-05-13","WFH","9.7"
499,1002,"2025-05-14","Present","6.0"
500,1002,"2025-05-15","Present","9.7"
501,1002,"2025-05-16","Present","8.4"
502,1002,"2025-05-17","Weekend","0.0"
503,1002,"2025-05-18","Weekend","0.0"
504,1002,"2025-05-19","Present","6.4"
505,1002,"2025-05-20","Present","8.2"
506,1002,"2025-05-21","Present","7.5"
507,1002,"2025-05-22","Present","8.5"
508,1002,"2025-05-23","Present","9.4"
509,1002,"2025-05-24","Weekend","0.0"
510,1002,"2025-05-25","Weekend","0.0"
511,1002,"2025-05-26","Present","8.0"
512,1002,"2025-05-27","Leave","0.0"
513,1002,"2025-05-28","Present","6.6"
514,1002,"2025-05-29","Present","6.3"
515,1002,"2025-05-30","Present","8.1"
516,1002,"2025-05-31","Weekend","0.0"
517,1002,"2025-06-01","Weekend","0.0"
518,1002,"2025-06-02","Present","6.6"
519,1002,"2025-06-03","Present","8.9"
520,1002,"2025-06-04","Leave","0.0"
521,1002,"2025-06-05","WFH","7.5"
522,1002,"2025-06-06","Present","8.6"
523,1002,"2025-06-07","Weekend","0.0"
524,1002,"2025-06-08","Weekend","0.0"
525,1002,"2025-06-09","Present","8.5"
526,1002,"2025-06-10","Present","9.6"
527,1002,"2025-06-11","Absent","0.0"
528,1002,"2025-06-12","Present","9.0"
529,1002,"2025-06-13","Present","7.6"
530,1002,"2025-06-14","Weekend","0.0"
531,1002,"2025-06-15","Weekend","0.0"
532,1002,"2025-06-16","Present","8.4"
533,1002,"2025-06-17","Present","8.5"
534,1002,"2025-06-18","Present","8.1"
535,1002,"2025-06-19","Present","9.1"
536,1002,"2025-06-20","Present","9.6"
537,1002,"2025-06-21","Weekend","0.0"
538,1002,"2025-06-22","Weekend","0.0"
539,1002,"2025-06-23","Present","6.2"
540,1002,"2025-06-24","Absent","0.0"
541,1002,"2025-06-25","Present","7.0"
542,1002,"2025-06-26","Present","6.8"
543,1002,"2025-06-27","Present","7.1"
544,1002,"2025-06-28","Weekend","0.0"
545,1002,"2025-06-29","Weekend","0.0"
546,1002,"2025-06-30","WFH","9.1"
547,1002,"2025-07-01","WFH","7.1"
548,1002,"2025-07-02","Present","9.5"
549,1002,"2025-07-03","Present","6.1"
550,1002,"2025-07-04","Present","6.9"
551,1002,"2025-07-05","Weekend","0.0"
552,1002,"2025-07-06","Weekend","0.0"
553,1002,"2025-07-07","Present","8.3"
554,1002,"2025-07-08","Present","9.3"
555,1002,"2025-07-09","Present","9.6"
556,1002,"2025-07-10","Present","7.7"
557,1002,"2025-07-11","Leave","0.0"
558,1002,"2025-07-12","Weekend","0.0"
559,1002,"2025-07-13","Weekend","0.0"
560,1002,"2025-07-14","Present","9.6"
561,1002,"2025-07-15","Leave","0.0"
562,1002,"2025-07-16","Present","9.8"
563,1002,"2025-07-17","Present","9.5"
564,1002,"2025-07-18","Present","9.9"
565,1002,"2025-07-19","Weekend","0.0"
566,1002,"2025-07-20","Weekend","0.0"
567,1002,"2025-07-21","Present","6.5"
568,1002,"2025-07-22","Present","7.3"
569,1002,"2025-07-23","Absent","0.0"
570,1002,"2025-07-24","Absent","0.0"
571,1002,"2025-07-25","Present","7.2"
572,1002,"2025-07-26","Weekend","0.0"
573,1002,"2025-07-27","Weekend","0.0"
574,1002,"2025-07-28","Leave","0.0"
575,1002,"2025-07-29","Present","8.9"
576,1002,"2025-07-30","Present","9.9"
577,1002,"2025-07-31","Present","9.1"
578,1002,"2025-08-01","Present","7.2"
579,1002,"2025-08-02","Weekend","0.0"
580,1002,"2025-08-03","Weekend","0.0"
581,1002,"2025-08-04","Present","6.7"
582,1002,"2025-08-05","Present","6.9"
583,1002,"2025-08-06","Present","9.5"
584,1002,"2025-08-07","Present","8.2"
585,1002,"2025-08-08","Present","8.2"
586,1002,"2025-08-09","Weekend","0.0"
587,1002,"2025-08-10","Weekend","0.0"
588,1002,"2025-08-11","Present","9.0"
589,1002,"2025-08-12","Present","6.1"
590,1002,"2025-08-13","Present","7.3"
591,1002,"2025-08-14","Present","8.6"
592,1002,"2025-08-15","Present","7.9"
593,1002,"2025-08-16","Weekend","0.0"
594,1002,"2025-08-17","Weekend","0.0"
595,1002,"2025-08-18","Present","9.1"
596,1002,"2025-08-19","Present","9.4"
597,1002,"2025-08-20","Present","9.5"
598,1002,"2025-08-21","Present","9.3"
599,1002,"2025-08-22","Present","9.5"
600,1002,"2025-08-23","Weekend","0.0"
601,1002,"2025-08-24","Weekend","0.0"
602,1002,"2025-08-25","Present","6.6"
603,1002,"2025-08-26","Present","9.2"
604,1002,"2025-08-27","Present","8.1"
605,1002,"2025-08-28","Present","9.6"
606,1002,"2025-08-29","Leave","0.0"
607,1002,"2025-08-30","Weekend","0.0"
608,1002,"2025-08-31","Weekend","0.0"
609,1002,"2025-09-01","Present","8.9"
610,1002,"2025-09-02","Present","8.1"
611,1002,"2025-09-03","Present","8.7"
612,1002,"2025-09-04","Present","6.5"
613,1002,"2025-09-05","Present","6.1"
614,1002,"2025-09-06","Weekend","0.0"
615,1002,"2025-09-07","Weekend","0.0"
616,1002,"2025-09-08","Absent","0.0"
617,1002,"2025-09-09","Absent","0.0"
618,1002,"2025-09-10","Present","6.7"
619,1002,"2025-09-11","Present","8.0"
620,1002,"2025-09-12","Present","7.7"
621,1002,"2025-09-13","Weekend","0.0"
622,1002,"2025-09-14","Weekend","0.0"
623,1002,"2025-09-15","Absent","0.0"
624,1002,"2025-09-16","Present","9.5"
625,1002,"2025-09-17","Present","9.0"
626,1002,"2025-09-18","Present","9.8"
627,1002,"2025-09-19","Absent","0.0"
628,1002,"2025-09-20","Weekend","0.0"
629,1002,"2025-09-21","Weekend","0.0"
630,1002,"2025-09-22","Present","8.5"
631,1002,"2025-09-23","Leave","0.0"
632,1002,"2025-09-24","Present","9.1"
633,1002,"2025-09-25","WFH","9.8"
634,1002,"2025-09-26","Leave","0.0"
635,1002,"2025-09-27","Weekend","0.0"
636,1002,"2025-09-28","Weekend","0.0"
637,1002,"2025-09-29","Present","8.2"
638,1002,"2025-09-30","WFH","6.7"
639,1002,"2025-10-01","WFH","7.7"
640,1002,"2025-10-02","Absent","0.0"
641,1002,"2025-10-03","Present","9.4"
642,1002,"2025-10-04","Weekend","0.0"
643,1002,"2025-10-05","Weekend","0.0"
644,1002,"2025-10-06","Present","8.9"
645,1002,"2025-10-07","Present","9.1"
646,1002,"2025-10-08","Present","9.3"
647,1002,"2025-10-09","Present","6.1"
648,1002,"2025-10-10","Present","8.8"
649,1002,"2025-10-11","Weekend","0.0"
650,1002,"2025-10-12","Weekend","0.0"
651,1002,"2025-10-13","Present","7.0"
652,1002,"2025-10-14","Present","9.6"
653,1002,"2025-10-15","Present","6.2"
654,1002,"2025-10-16","Present","8.3"
655,1002,"2025-10-17","Present","8.7"
656,1002,"2025-10-18","Weekend","0.0"
657,1002,"2025-10-19","Weekend","0.0"
658,1002,"2025-10-20","Absent","0.0"
659,1002,"2025-10-21","Present","6.4"
660,1002,"2025-10-22","Present","9.1"
661,1002,"2025-10-23","WFH","9.1"
662,1002,"2025-10-24","Present","9.2"
663,1002,"2025-10-25","Weekend","0.0"
664,1002,"2025-10-26","Weekend","0.0"
665,1002,"2025-10-27","Present","6.2"
666,1002,"2025-10-28","Present","7.1"
667,1002,"2025-10-29","WFH","9.2"
668,1002,"2025-10-30","Present","9.4"
669,1002,"2025-10-31","Present","7.5"
670,1002,"2025-11-01","Weekend","0.0"
671,1002,"2025-11-02","Weekend","0.0"
672,1002,"2025-11-03","Absent","0.0"
673,1002,"2025-11-04","Present","6.5"
674,1002,"2025-11-05","Present","6.1"
675,1002,"2025-11-06","Present","8.5"
676,1002,"2025-11-07","Present","8.2"
677,1002,"2025-11-08","Weekend","0.0"
678,1002,"2025-11-09","Weekend","0.0"
679,1002,"2025-11-10","Present","9.6"
680,1002,"2025-11-11","Present","8.9"
681,1002,"2025-11-12","WFH","7.2"
682,1002,"2025-11-13","Present","8.4"
683,1002,"2025-11-14","Present","6.7"
684,1002,"2025-11-15","Weekend","0.0"
685,1002,"2025-11-16","Weekend","0.0"
686,1002,"2025-11-17","Absent","0.0"
687,1002,"2025-11-18","Present","9.0"
688,1002,"2025-11-19","Present","6.7"
689,1002,"2025-11-20","Absent","0.0"
690,1002,"2025-11-21","Present","9.6"
691,1002,"2025-11-22","Weekend","0.0"
692,1002,"2025-11-23","Weekend","0.0"
693,1002,"2025-11-24","Present","8.2"
694,1002,"2025-11-25","Absent","0.0"
695,1002,"2025-11-26","Present","7.1"
696,1002,"2025-11-27","Present","8.8"
697,1002,"2025-11-28","Present","8.5"
698,1002,"2025-11-29","Weekend","0.0"
699,1002,"2025-11-30","Weekend","0.0"
700,1002,"2025-12-01","WFH","6.8"
701,1002,"2025-12-02","Present","9.0"
702,1002,"2025-12-03","Absent","0.0"
703,1002,"2025-12-04","Present","8.8"
704,1002,"2025-12-05","Present","8.9"
705,1002,"2025-12-06","Weekend","0.0"
706,1002,"2025-12-07","Weekend","0.0"
707,1002,"2025-12-08","Present","7.3"
708,1002,"2025-12-09","Present","9.2"
709,1002,"2025-12-10","Present","8.0"
710,1002,"2025-12-11","Present","7.1"
711,1002,"2025-12-12","Present","9.6"
712,1002,"2025-12-13","Weekend","0.0"
713,1002,"2025-12-14","Weekend","0.0"
714,1002,"2025-12-15","WFH","8.8"
715,1002,"2025-12-16","Present","7.6"
716,1002,"2025-12-17","Present","7.5"
717,1002,"2025-12-18","Absent","0.0"
718,1002,"2025-12-19","Present","8.8"
719,1002,"2025-12-20","Weekend","0.0"
720,1002,"2025-12-21","Weekend","0.0"
721,1002,"2025-12-22","WFH","7.4"
722,1002,"2025-12-23","Present","7.8"
723,1002,"2025-12-24","Present","7.0"
724,1002,"2025-12-25","Present","9.6"
725,1002,"2025-12-26","Present","10.0"
726,1002,"2025-12-27","Weekend","0.0"
727,1002,"2025-12-28","Weekend","0.0"
728,1002,"2025-12-29","Present","8.7"
729,1002,"2025-12-30","Present","9.2"
730,1002,"2025-12-31","Present","6.8"
731,1003,"2025-01-01","Present","9.5"
732,1003,"2025-01-02","Present","8.7"
733,1003,"2025-01-03","WFH","6.6"
734,1003,"2025-01-04","Weekend","0.0"
735,1003,"2025-01-05","Weekend","0.0"
736,1003,"2025-01-06","Present","8.6"
737,1003,"2025-01-07","Present","6.6"
738,1003,"2025-01-08","Present","8.3"
739,1003,"2025-01-09","Present","7.6"
740,1003,"2025-01-10","Absent","0.0"
741,1003,"2025-01-11","Weekend","0.0"
742,1003,"2025-01-12","Weekend","0.0"
743,1003,"2025-01-13","Present","10.0"
744,1003,"2025-01-14","Present","6.4"
745,1003,"2025-01-15","Present","6.7"
746,1003,"2025-01-16","Present","8.3"
747,1003,"2025-01-17","Present","8.0"
748,1003,"2025-01-18","Weekend","0.0"
749,1003,"2025-01-19","Weekend","0.0"
750,1003,"2025-01-20","Present","9.1"
751,1003,"2025-01-21","Present","8.0"
752,1003,"2025-01-22","Present","7.0"
753,1003,"2025-01-23","Present","6.9"
754,1003,"2025-01-24","Present","9.9"
755,1003,"2025-01-25","Weekend","0.0"
756,1003,"2025-01-26","Weekend","0.0"
757,1003,"2025-01-27","WFH","7.8"
758,1003,"2025-01-28","Present","6.3"
759,1003,"2025-01-29","Present","6.5"
760,1003,"2025-01-30","Present","9.3"
761,1003,"2025-01-31","Present","9.5"
762,1003,"2025-02-01","Weekend","0.0"
763,1003,"2025-02-02","Weekend","0.0"
764,1003,"2025-02-03","Present","6.6"
765,1003,"2025-02-04","Present","7.4"
766,1003,"2025-02-05","Present","8.1"
767,1003,"2025-02-06","Present","6.1"
768,1003,"2025-02-07","Present","8.7"
769,1003,"2025-02-08","Weekend","0.0"
770,1003,"2025-02-09","Weekend","0.0"
771,1003,"2025-02-10","WFH","9.5"
772,1003,"2025-02-11","Present","8.6"
773,1003,"2025-02-12","Present","7.6"
774,1003,"2025-02-13","Leave","0.0"
775,1003,"2025-02-14","Present","7.9"
776,1003,"2025-02-15","Weekend","0.0"
777,1003,"2025-02-16","Weekend","0.0"
778,1003,"2025-02-17","Leave","0.0"
779,1003,"2025-02-18","Present","8.1"
780,1003,"2025-02-19","Present","9.9"
781,1003,"2025-02-20","Present","8.0"
782,1003,"2025-02-21","Leave","0.0"
783,1003,"2025-02-22","Weekend","0.0"
784,1003,"2025-02-23","Weekend","0.0"
785,1003,"2025-02-24","Present","7.5"
786,1003,"2025-02-25","Present","7.7"
787,1003,"2025-02-26","Present","8.1"
788,1003,"2025-02-27","Present","7.0"
789,1003,"2025-02-28","WFH","9.8"
790,1003,"2025-03-01","Weekend","0.0"
791,1003,"2025-03-02","Weekend","0.0"
792,1003,"2025-03-03","Present","9.0"
793,1003,"2025-03-04","Present","8.5"
794,1003,"2025-03-05","WFH","9.2"
795,1003,"2025-03-06","WFH","7.3"
796,1003,"2025-03-07","WFH","8.9"
797,1003,"2025-03-08","Weekend","0.0"
798,1003,"2025-03-09","Weekend","0.0"
799,1003,"2025-03-10","Present","7.2"
800,1003,"2025-03-11","Present","6.2"
801,1003,"2025-03-12","Present","6.0"
802,1003,"2025-03-13","Present","7.3"
803,1003,"2025-03-14","Present","8.5"
804,1003,"2025-03-15","Weekend","0.0"
805,1003,"2025-03-16","Weekend","0.0"
806,1003,"2025-03-17","Absent","0.0"
807,1003,"2025-03-18","WFH","9.3"
808,1003,"2025-03-19","WFH","8.8"
809,1003,"2025-03-20","Present","9.7"
810,1003,"2025-03-21","Present","8.5"
811,1003,"2025-03-22","Weekend","0.0"
812,1003,"2025-03-23","Weekend","0.0"
813,1003,"2025-03-24","Present","8.3"
814,1003,"2025-03-25","Present","9.0"
815,1003,"2025-03-26","Present","9.7"
816,1003,"2025-03-27","WFH","9.0"
817,1003,"2025-03-28","Present","9.7"
818,1003,"2025-03-29","Weekend","0.0"
819,1003,"2025-03-30","Weekend","0.0"
820,1003,"2025-03-31","Present","6.3"
821,1003,"2025-04-01","Present","7.9"
822,1003,"2025-04-02","Present","6.6"
823,1003,"2025-04-03","Present","6.2"
824,1003,"2025-04-04","Present","6.1"
825,1003,"2025-04-05","Weekend","0.0"
826,1003,"2025-04-06","Weekend","0.0"
827,1003,"2025-04-07","Present","6.6"
828,1003,"2025-04-08","Present","6.6"
829,1003,"2025-04-09","Present","8.6"
830,1003,"2025-04-10","Present","9.4"
831,1003,"2025-04-11","Present","6.1"
832,1003,"2025-04-12","Weekend","0.0"
833,1003,"2025-04-13","Weekend","0.0"
834,1003,"2025-04-14","Absent","0.0"
835,1003,"2025-04-15","Present","6.3"
836,1003,"2025-04-16","Present","6.2"
837,1003,"2025-04-17","Present","6.3"
838,1003,"2025-04-18","Absent","0.0"
839,1003,"2025-04-19","Weekend","0.0"
840,1003,"2025-04-20","Weekend","0.0"
841,1003,"2025-04-21","Absent","0.0"
842,1003,"2025-04-22","WFH","6.9"
843,1003,"2025-04-23","Present","9.9"
844,1003,"2025-04-24","Present","9.6"
845,1003,"2025-04-25","Present","9.0"
846,1003,"2025-04-26","Weekend","0.0"
847,1003,"2025-04-27","Weekend","0.0"
848,1003,"2025-04-28","Present","6.6"
849,1003,"2025-04-29","Present","7.2"
850,1003,"2025-04-30","WFH","8.1"
851,1003,"2025-05-01","Present","7.6"
852,1003,"2025-05-02","Absent","0.0"
853,1003,"2025-05-03","Weekend","0.0"
854,1003,"2025-05-04","Weekend","0.0"
855,1003,"2025-05-05","WFH","8.4"
856,1003,"2025-05-06","Present","9.4"
857,1003,"2025-05-07","Present","6.3"
858,1003,"2025-05-08","WFH","6.9"
859,1003,"2025-05-09","Present","9.1"
860,1003,"2025-05-10","Weekend","0.0"
861,1003,"2025-05-11","Weekend","0.0"
862,1003,"2025-05-12","Present","9.3"
863,1003,"2025-05-13","Present","9.2"
864,1003,"2025-05-14","Present","9.2"
865,1003,"2025-05-15","WFH","8.7"
866,1003,"2025-05-16","Present","8.4"
867,1003,"2025-05-17","Weekend","0.0"
868,1003,"2025-05-18","Weekend","0.0"
869,1003,"2025-05-19","Present","7.1"
870,1003,"2025-05-20","Present","9.0"
871,1003,"2025-05-21","Present","6.8"
872,1003,"2025-05-22","Present","9.3"
873,1003,"2025-05-23","Present","6.2"
874,1003,"2025-05-24","Weekend","0.0"
875,1003,"2025-05-25","Weekend","0.0"
876,1003,"2025-05-26","Present","9.8"
877,1003,"2025-05-27","Present","9.8"
878,1003,"2025-05-28","Present","9.8"
879,1003,"2025-05-29","Present","8.6"
880,1003,"2025-05-30","Present","6.1"
881,1003,"2025-05-31","Weekend","0.0"
882,1003,"2025-06-01","Weekend","0.0"
883,1003,"2025-06-02","Present","8.7"
884,1003,"2025-06-03","Absent","0.0"
885,1003,"2025-06-04","Present","7.2"
886,1003,"2025-06-05","Present","7.2"
887,1003,"2025-06-06","Leave","0.0"
888,1003,"2025-06-07","Weekend","0.0"
889,1003,"2025-06-08","Weekend","0.0"
890,1003,"2025-06-09","Present","6.4"
891,1003,"2025-06-10","Present","6.7"
892,1003,"2025-06-11","Present","7.9"
893,1003,"2025-06-12","Absent","0.0"
894,1003,"2025-06-13","Present","8.9"
895,1003,"2025-06-14","Weekend","0.0"
896,1003,"2025-06-15","Weekend","0.0"
897,1003,"2025-06-16","Present","7.2"
898,1003,"2025-06-17","Present","8.7"
899,1003,"2025-06-18","Present","9.4"
900,1003,"2025-06-19","Present","6.9"
901,1003,"2025-06-20","Present","7.0"
902,1003,"2025-06-21","Weekend","0.0"
903,1003,"2025-06-22","Weekend","0.0"
904,1003,"2025-06-23","Present","8.6"
905,1003,"2025-06-24","WFH","6.9"
906,1003,"2025-06-25","Leave","0.0"
907,1003,"2025-06-26","Present","7.9"
908,1003,"2025-06-27","Present","6.5"
909,1003,"2025-06-28","Weekend","0.0"
910,1003,"2025-06-29","Weekend","0.0"
911,1003,"2025-06-30","Present","9.9"
912,1003,"2025-07-01","Present","7.6"
913,1003,"2025-07-02","Present","8.4"
914,1003,"2025-07-03","Present","8.0"
915,1003,"2025-07-04","Present","8.0"
916,1003,"2025-07-05","Weekend","0.0"
917,1003,"2025-07-06","Weekend","0.0"
918,1003,"2025-07-07","WFH","9.9"
919,1003,"2025-07-08","WFH","6.4"
920,1003,"2025-07-09","Present","8.9"
921,1003,"2025-07-10","Present","8.6"
922,1003,"2025-07-11","Present","6.6"
923,1003,"2025-07-12","Weekend","0.0"
924,1003,"2025-07-13","Weekend","0.0"
925,1003,"2025-07-14","Present","6.0"
926,1003,"2025-07-15","Present","8.8"
927,1003,"2025-07-16","Present","9.4"
928,1003,"2025-07-17","Present","7.3"
929,1003,"2025-07-18","Present","7.1"
930,1003,"2025-07-19","Weekend","0.0"
931,1003,"2025-07-20","Weekend","0.0"
932,1003,"2025-07-21","Absent","0.0"
933,1003,"2025-07-22","Present","8.4"
934,1003,"2025-07-23","Present","8.9"
935,1003,"2025-07-24","Present","9.3"
936,1003,"2025-07-25","Leave","0.0"
937,1003,"2025-07-26","Weekend","0.0"
938,1003,"2025-07-27","Weekend","0.0"
939,1003,"2025-07-28","Present","7.0"
940,1003,"2025-07-29","Present","9.1"
941,1003,"2025-07-30","Absent","0.0"
942,1003,"2025-07-31","Present","9.3"
943,1003,"2025-08-01","Present","8.7"
944,1003,"2025-08-02","Weekend","0.0"
945,1003,"2025-08-03","Weekend","0.0"
946,1003,"2025-08-04","WFH","7.6"
947,1003,"2025-08-05","WFH","8.2"
948,1003,"2025-08-06","WFH","7.4"
949,1003,"2025-08-07","Absent","0.0"
950,1003,"2025-08-08","Present","7.2"
951,1003,"2025-08-09","Weekend","0.0"
952,1003,"2025-08-10","Weekend","0.0"
953,1003,"2025-08-11","Present","8.9"
954,1003,"2025-08-12","WFH","9.4"
955,1003,"2025-08-13","Present","6.8"
956,1003,"2025-08-14","Present","9.5"
957,1003,"2025-08-15","Present","6.9"
958,1003,"2025-08-16","Weekend","0.0"
959,1003,"2025-08-17","Weekend","0.0"
960,1003,"2025-08-18","Present","9.4"
961,1003,"2025-08-19","Present","7.2"
962,1003,"2025-08-20","Present","7.8"
963,1003,"2025-08-21","Present","6.7"
964,1003,"2025-08-22","Present","9.3"
965,1003,"2025-08-23","Weekend","0.0"
966,1003,"2025-08-24","Weekend","0.0"
967,1003,"2025-08-25","WFH","9.3"
968,1003,"2025-08-26","WFH","7.2"
969,1003,"2025-08-27","Present","8.1"
970,1003,"2025-08-28","Present","8.3"
971,1003,"2025-08-29","Present","8.5"
972,1003,"2025-08-30","Weekend","0.0"
973,1003,"2025-08-31","Weekend","0.0"
974,1003,"2025-09-01","Present","9.6"
975,1003,"2025-09-02","Absent","0.0"
976,1003,"2025-09-03","Present","7.7"
977,1003,"2025-09-04","Present","6.7"
978,1003,"2025-09-05","Present","9.6"
979,1003,"2025-09-06","Weekend","0.0"
980,1003,"2025-09-07","Weekend","0.0"
981,1003,"2025-09-08","Present","7.0"
982,1003,"2025-09-09","Leave","0.0"
983,1003,"2025-09-10","Present","9.8"
984,1003,"2025-09-11","Present","8.9"
985,1003,"2025-09-12","Present","6.5"
986,1003,"2025-09-13","Weekend","0.0"
987,1003,"2025-09-14","Weekend","0.0"
988,1003,"2025-09-15","Present","6.2"
989,1003,"2025-09-16","Present","8.4"
990,1003,"2025-09-17","Present","8.3"
991,1003,"2025-09-18","Present","8.5"
992,1003,"2025-09-19","WFH","9.3"
993,1003,"2025-09-20","Weekend","0.0"
994,1003,"2025-09-21","Weekend","0.0"
995,1003,"2025-09-22","Present","7.2"
996,1003,"2025-09-23","Present","9.5"
997,1003,"2025-09-24","Present","8.1"
998,1003,"2025-09-25","Present","8.8"
999,1003,"2025-09-26","Present","9.1"
1000,1003,"2025-09-27","Weekend","0.0"
