"employee_id","first_name","last_name","gender","age","department","job_role","hire_date","salary","manager_id","education","marital_status","overtime","performance_rating","satisfaction_score","attrition","city"
1028,"Nakul","Dasgupta","Male",33,"HR","HR Executive","2018-01-09","58700.00",243,"B.Tech","Single","No",5,7,"No","Bangalore"
1029,"Zain","Kar","Male",35,"HR","Recruiter","2024-04-09","33474.00",211,"CA","Married","No",2,5,"Yes","Mumbai"
1001,"Chirag","Brar","Female",29,"Operations","Operations Manager","2021-06-18","59588.00",208,"CA","Single","Yes",5,7,"Yes","Mumbai"
1002,"Urvi","Virk","Male",39,"HR","Recruiter","2020-11-07","53420.00",245,"CA","Married","Yes",4,10,"No","Pune"
1003,"Eva","Bumb","Male",28,"HR","Talent Acquisition Lead","2019-02-10","140236.00",221,"MBA","Single","No",1,6,"No","Hyderabad"
1004,"Neysa","Ganesan","Female",24,"Finance","Tax Consultant","2022-01-25","108961.00",218,"BBA","Married","Yes",1,1,"No","Hyderabad"
1005,"Shanaya","Subramanian","Female",30,"Finance","Accountant","2026-02-12","91768.00",240,"BBA","Married","Yes",3,6,"No","Hyderabad"
1006,"Divyansh","Kala","Male",39,"Operations","Plant Supervisor","2017-04-27","124726.00",215,"B.Tech","Married","No",3,9,"No","Chennai"
1007,"Anya","Chowdhury","Female",34,"Finance","Accountant","2022-06-04","72780.00",204,"B.Tech","Married","Yes",4,7,"No","Noida"
1008,"Lagan","Wagle","Female",45,"HR","HR Manager","2023-01-30","109356.00",227,"M.Com","Married","No",2,3,"No","Mumbai"
1009,"Sara","Bora","Male",43,"Finance","Financial Analyst","2024-10-03","92984.00",238,"MBA","Married","No",5,8,"No","Pune"
1010,"Kiara","Rana","Female",42,"Operations","Plant Supervisor","2020-03-04","76997.00",207,"M.Tech","Married","Yes",4,1,"No","Hyderabad"
1011,"Vidur","Bhakta","Male",42,"Marketing","Marketing Analyst","2023-03-09","76754.00",240,"M.Com","Single","Yes",3,3,"No","Pune"
1012,"Tarini","Varghese","Male",33,"Marketing","SEO Specialist","2020-04-27","138905.00",219,"B.Tech","Single","Yes",5,2,"Yes","Noida"
1013,"Urvi","Sabharwal","Female",39,"Finance","Accountant","2022-01-17","59853.00",216,"M.Com","Married","Yes",5,4,"No","Kolkata"
1014,"Vihaan","Sami","Female",25,"Operations","Plant Supervisor","2021-10-08","58978.00",214,"MBA","Married","Yes",5,9,"No","Delhi"
1015,"Manikya","Choudhary","Male",29,"Finance","Financial Analyst","2026-01-31","42601.00",202,"BBA","Married","Yes",5,4,"No","Noida"
1016,"Saira","Deep","Female",29,"HR","Recruiter","2024-02-15","136973.00",230,"BBA","Married","Yes",1,2,"No","Chennai"
1017,"Rohan","Luthra","Male",43,"Sales","Sales Manager","2021-05-23","121264.00",241,"MBA","Single","No",3,2,"No","Delhi"
1018,"Tarini","Kara","Male",30,"Marketing","SEO Specialist","2017-10-14","102977.00",215,"BBA","Single","No",5,2,"Yes","Pune"
1019,"Aarna","Chandra","Female",37,"Finance","Accountant","2025-06-04","61931.00",225,"MBA","Single","No",1,7,"No","Noida"
1020,"Madhav","Sekhon","Female",26,"IT","Database Administrator","2017-08-27","61253.00",218,"B.Tech","Single","Yes",3,1,"Yes","Noida"
1021,"Jiya","Chhabra","Male",27,"Marketing","Content Strategist","2025-09-06","42246.00",238,"MBA","Single","No",1,10,"No","Pune"
1022,"Chirag","Shan","Female",30,"Marketing","Marketing Analyst","2017-05-26","60702.00",242,"CA","Married","Yes",3,7,"Yes","Hyderabad"
1023,"Krish","Warrior","Male",22,"Sales","Sales Manager","2018-12-21","93145.00",239,"M.Com","Single","Yes",5,4,"No","Bangalore"
1024,"Aaryahi","Loke","Female",31,"IT","Data Analyst","2019-07-26","58625.00",228,"BBA","Married","Yes",5,5,"No","Mumbai"
1025,"Jayant","Sami","Male",45,"HR","HR Manager","2019-08-13","106807.00",209,"M.Tech","Married","Yes",3,4,"No","Hyderabad"
1026,"Akarsh","Doctor","Male",24,"Marketing","SEO Specialist","2019-11-26","119059.00",227,"BBA","Married","Yes",1,6,"No","Hyderabad"
1027,"Tanya","Rajagopal","Female",39,"HR","Talent Acquisition Lead","2021-01-14","30500.00",207,"MBA","Single","Yes",3,10,"No","Kolkata"
1030,"Lavanya","Aurora","Male",28,"Sales","Sales Executive","2020-01-04","136850.00",229,"M.Tech","Married","Yes",2,1,"No","Kolkata"
1031,"Nitya","Rajagopal","Female",33,"IT","BI Analyst","2025-04-04","118523.00",232,"B.Com","Married","Yes",1,5,"Yes","Hyderabad"
1032,"Prisha","Ramachandran","Female",45,"Finance","Financial Analyst","2020-08-19","130396.00",220,"B.Com","Single","No",5,4,"No","Kolkata"
1033,"Sara","Raja","Male",43,"Finance","Accountant","2023-05-27","74126.00",239,"M.Tech","Single","No",5,5,"No","Chennai"
1034,"Lavanya","Sundaram","Male",28,"Sales","Regional Sales Manager","2024-03-30","93990.00",242,"B.Com","Single","No",4,9,"No","Hyderabad"
1035,"Diya","Sule","Female",36,"IT","Software Engineer","2026-02-26","94253.00",228,"CA","Single","No",2,2,"No","Chennai"
1036,"Aaina","Halder","Male",28,"Finance","Accountant","2019-05-02","59253.00",201,"MBA","Single","No",5,2,"No","Delhi"
1037,"Eshani","Gokhale","Female",29,"Operations","Plant Supervisor","2021-08-02","59770.00",241,"CA","Single","Yes",4,4,"Yes","Noida"
1038,"Saanvi","Mane","Male",36,"Finance","Accountant","2024-05-26","50294.00",229,"CA","Married","No",5,9,"No","Noida"
1039,"Navya","Jayaraman","Male",42,"HR","Talent Acquisition Lead","2020-02-26","70702.00",249,"BBA","Married","Yes",3,8,"Yes","Hyderabad"
1040,"Hazel","Ravel","Male",26,"HR","HR Manager","2018-09-24","52496.00",214,"B.Com","Single","Yes",1,7,"No","Noida"
1041,"Aaryahi","Lad","Female",34,"Sales","Sales Executive","2025-12-08","140286.00",237,"CA","Single","No",4,1,"No","Hyderabad"
1042,"Amira","Dara","Male",37,"Sales","Sales Manager","2018-08-06","67405.00",217,"B.Com","Married","Yes",4,6,"No","Kolkata"
1043,"Nehmat","Khanna","Male",41,"Operations","Operations Manager","2023-11-21","97013.00",201,"B.Com","Single","Yes",4,3,"No","Bangalore"
1044,"Samiha","Buch","Male",36,"Finance","Finance Manager","2016-05-23","81077.00",221,"BBA","Married","No",4,5,"No","Noida"
1045,"Nishith","Atwal","Female",29,"Finance","Financial Analyst","2020-11-01","120741.00",204,"BBA","Single","Yes",2,4,"No","Bangalore"
1046,"Riya","Sengupta","Male",40,"HR","Recruiter","2024-06-17","63163.00",229,"CA","Married","No",2,10,"No","Mumbai"
1047,"Abram","Sampath","Male",31,"HR","HR Manager","2024-12-08","115659.00",243,"B.Com","Married","Yes",1,10,"No","Delhi"
1048,"Kiaan","Devi","Male",40,"Finance","Finance Manager","2022-02-12","138612.00",202,"M.Tech","Married","No",1,9,"No","Pune"
1049,"Yashvi","Chowdhury","Female",42,"Sales","Sales Manager","2026-03-23","147425.00",229,"CA","Single","No",2,9,"No","Hyderabad"
1050,"Emir","Kala","Female",35,"Marketing","Content Strategist","2024-09-15","142318.00",246,"M.Com","Married","No",2,2,"No","Noida"
1051,"Ela","Khosla","Female",32,"HR","Talent Acquisition Lead","2023-12-22","37368.00",231,"BBA","Married","Yes",4,4,"No","Hyderabad"
1052,"Aaina","Khare","Female",39,"IT","BI Analyst","2026-01-16","39451.00",233,"B.Tech","Single","Yes",4,8,"No","Delhi"
1053,"Lakshay","Dani","Female",36,"Operations","Supply Chain Analyst","2021-12-31","145496.00",201,"MBA","Married","Yes",4,4,"No","Chennai"
1054,"Keya","Sastry","Female",45,"Sales","Regional Sales Manager","2022-03-26","112960.00",221,"M.Tech","Married","No",3,5,"No","Delhi"
1055,"Gokul","Subramaniam","Male",28,"IT","Data Analyst","2018-12-15","68472.00",247,"B.Com","Married","No",1,4,"No","Chennai"
1056,"Dhanuk","Vaidya","Male",30,"HR","HR Manager","2020-12-05","40092.00",203,"M.Com","Married","Yes",4,2,"No","Hyderabad"
1057,"Dhruv","Golla","Male",23,"Sales","Sales Manager","2018-05-22","69235.00",230,"MBA","Single","No",4,2,"No","Pune"
1058,"Keya","Krishnan","Female",24,"HR","Recruiter","2017-10-26","70343.00",207,"M.Com","Married","Yes",5,7,"No","Noida"
1059,"Ryan","Sawhney","Male",41,"IT","Database Administrator","2025-02-12","132254.00",206,"BBA","Single","Yes",3,2,"Yes","Bangalore"
1060,"Hrishita","Cheema","Female",36,"Marketing","Marketing Analyst","2019-06-12","126719.00",238,"B.Com","Married","Yes",2,5,"No","Noida"
1061,"Seher","Bansal","Male",35,"Finance","Accountant","2018-03-18","54059.00",234,"B.Tech","Single","No",2,2,"Yes","Hyderabad"
1062,"Renee","Sastry","Female",36,"Marketing","Content Strategist","2018-03-13","56547.00",229,"CA","Married","No",3,9,"No","Noida"
1063,"Kaira","Kadakia","Female",41,"Finance","Financial Analyst","2025-02-15","64555.00",201,"MBA","Single","Yes",3,10,"Yes","Bangalore"
1064,"Nehmat","Atwal","Female",27,"Sales","Regional Sales Manager","2019-10-04","107989.00",227,"CA","Married","Yes",4,6,"No","Chennai"
1065,"Ahana ","Tara","Female",35,"Operations","Operations Manager","2024-02-22","127537.00",231,"M.Tech","Married","Yes",4,2,"No","Chennai"
1066,"Sumer","Dubey","Male",43,"Finance","Tax Consultant","2021-02-13","146125.00",234,"B.Com","Married","Yes",2,9,"No","Noida"
1067,"Samiha","Khatri","Male",30,"Operations","Supply Chain Analyst","2020-12-12","111193.00",208,"M.Tech","Married","No",1,1,"No","Delhi"
1068,"Krish","Kumer","Male",39,"Operations","Operations Manager","2018-09-27","91846.00",205,"B.Tech","Single","No",1,3,"No","Hyderabad"
1069,"Vedika","Sarraf","Female",37,"Marketing","Content Strategist","2022-11-07","67009.00",229,"M.Com","Single","No",2,10,"No","Bangalore"
1070,"Nitya","Lanka","Female",32,"Finance","Finance Manager","2022-11-19","133290.00",232,"M.Tech","Single","No",3,10,"No","Noida"
1071,"Vardaniya","Raj","Female",32,"HR","Talent Acquisition Lead","2021-04-30","106940.00",248,"M.Com","Married","No",3,4,"No","Delhi"
1072,"Kanav","Devan","Female",23,"Marketing","SEO Specialist","2019-09-03","81885.00",247,"B.Com","Married","No",2,8,"No","Bangalore"
1073,"Jayant","Deshmukh","Male",36,"Marketing","Content Strategist","2017-10-13","48200.00",233,"B.Com","Single","Yes",4,3,"Yes","Hyderabad"
1074,"Uthkarsh","Ray","Female",43,"IT","Database Administrator","2022-08-04","148676.00",234,"B.Com","Married","No",5,1,"No","Delhi"
1075,"Shaan","Tandon","Male",45,"Operations","Plant Supervisor","2019-01-04","50985.00",227,"MBA","Single","No",2,5,"No","Pune"
1076,"Mamooty","Dey","Female",35,"IT","Data Analyst","2025-03-21","52343.00",215,"M.Com","Married","Yes",2,3,"Yes","Kolkata"
1077,"Uthkarsh","Batta","Male",29,"Marketing","Content Strategist","2020-11-11","90608.00",240,"M.Tech","Married","No",1,8,"No","Bangalore"
1078,"Nitara","Ranganathan","Female",42,"Finance","Tax Consultant","2018-09-30","85978.00",244,"M.Tech","Married","No",2,7,"No","Mumbai"
1079,"Sahil","Kadakia","Female",44,"HR","Talent Acquisition Lead","2021-05-24","81901.00",201,"BBA","Married","No",1,10,"No","Pune"
1080,"Purab","Sarma","Female",29,"Marketing","Content Strategist","2019-10-22","118799.00",222,"B.Tech","Single","No",2,2,"No","Pune"
1081,"Drishya","Bains","Female",45,"IT","Database Administrator","2025-08-07","50713.00",205,"M.Tech","Married","No",2,4,"Yes","Chennai"
1082,"Parinaaz","Loke","Male",30,"Marketing","Content Strategist","2025-01-09","150981.00",230,"BBA","Married","No",1,8,"No","Bangalore"
1083,"Himmat","Rege","Female",24,"HR","Talent Acquisition Lead","2024-11-07","139672.00",225,"MBA","Married","Yes",4,6,"No","Hyderabad"
1084,"Tejas","Ramachandran","Female",25,"Marketing","SEO Specialist","2025-03-18","125170.00",214,"B.Com","Single","No",5,4,"No","Noida"
1085,"Vanya","Shankar","Male",26,"Operations","Supply Chain Analyst","2023-01-18","44486.00",202,"M.Tech","Married","Yes",1,4,"No","Bangalore"
1086,"Nehmat","Sharaf","Female",40,"Sales","Sales Manager","2018-03-16","128772.00",246,"B.Tech","Married","Yes",4,10,"No","Hyderabad"
1087,"Nishith","Rastogi","Female",29,"Finance","Finance Manager","2022-03-23","141388.00",223,"MBA","Married","No",1,7,"No","Mumbai"
1088,"Shamik","Walla","Male",23,"Sales","Sales Executive","2023-08-28","129963.00",221,"B.Tech","Single","Yes",1,9,"No","Delhi"
1089,"Nitara","Sodhi","Male",30,"HR","HR Manager","2020-02-17","142679.00",209,"B.Tech","Married","Yes",1,1,"Yes","Chennai"
1090,"Taimur","Gera","Female",23,"HR","HR Manager","2025-03-14","53301.00",247,"B.Com","Single","Yes",4,8,"No","Mumbai"
1091,"Mehul","Johal","Male",45,"Sales","Regional Sales Manager","2023-05-17","140790.00",242,"M.Com","Married","No",1,1,"No","Kolkata"
1092,"Dhruv","Gola","Female",24,"Sales","Regional Sales Manager","2021-11-23","49507.00",220,"M.Com","Single","Yes",2,5,"No","Chennai"
1093,"Pranay","Lal","Female",38,"Sales","Regional Sales Manager","2024-02-06","107283.00",227,"MBA","Single","Yes",4,8,"No","Kolkata"
1094,"Gatik","Kurian","Male",32,"IT","Database Administrator","2020-10-07","88990.00",220,"CA","Married","No",2,8,"Yes","Mumbai"
1095,"Rania","Chokshi","Female",26,"Finance","Tax Consultant","2021-05-13","107339.00",203,"M.Com","Married","Yes",4,6,"No","Kolkata"
1096,"Vanya","Behl","Female",33,"Operations","Operations Manager","2026-03-25","55211.00",236,"M.Com","Single","Yes",4,4,"No","Chennai"
1097,"Tushar","Rao","Female",40,"Marketing","SEO Specialist","2017-02-23","63286.00",227,"BBA","Single","No",1,3,"No","Hyderabad"
1098,"Tushar","Arora","Male",40,"IT","BI Analyst","2020-12-19","123999.00",225,"MBA","Single","Yes",1,9,"No","Kolkata"
1099,"Uthkarsh","Kale","Female",45,"Sales","Sales Manager","2020-02-11","77586.00",249,"M.Com","Single","Yes",2,3,"No","Pune"
1100,"Arnav","Chandra","Female",37,"Operations","Operations Manager","2017-10-24","112867.00",228,"B.Com","Married","Yes",5,2,"No","Mumbai"
1101,"Azad","Devan","Female",23,"IT","Database Administrator","2021-02-11","62668.00",225,"M.Com","Single","Yes",2,5,"No","Bangalore"
1102,"Amani","Sibal","Male",37,"IT","BI Analyst","2025-05-05","137626.00",227,"B.Tech","Single","No",5,4,"No","Chennai"
1103,"Krish","Gulati","Male",35,"Finance","Tax Consultant","2020-02-18","40675.00",229,"MBA","Married","No",5,7,"No","Kolkata"
1104,"Lakshay","Sekhon","Female",27,"IT","Data Analyst","2018-03-17","143032.00",239,"B.Com","Married","Yes",4,2,"No","Kolkata"
1105,"Baiju","Dani","Female",45,"Marketing","Marketing Analyst","2025-02-24","79233.00",214,"M.Tech","Single","Yes",5,2,"No","Delhi"
1106,"Misha","Walla","Male",29,"IT","BI Analyst","2025-10-30","54787.00",209,"M.Tech","Single","Yes",5,3,"No","Mumbai"
1107,"Alia","Edwin","Female",43,"HR","Talent Acquisition Lead","2025-06-08","108459.00",241,"CA","Married","No",2,8,"Yes","Noida"
1108,"Mahika","Goel","Male",33,"Operations","Supply Chain Analyst","2022-10-30","103245.00",204,"M.Tech","Married","No",1,1,"No","Hyderabad"
1109,"Kaira","Mannan","Female",36,"Finance","Financial Analyst","2025-11-18","116981.00",235,"BBA","Single","No",5,4,"No","Noida"
1110,"Ayesha","Khosla","Female",25,"Marketing","Marketing Analyst","2020-07-17","144272.00",221,"CA","Single","Yes",1,4,"No","Noida"
1111,"Advik","Subramaniam","Female",33,"Marketing","Content Strategist","2025-01-13","66909.00",224,"B.Com","Married","Yes",3,2,"No","Kolkata"
1112,"Abram","Chauhan","Male",32,"IT","BI Analyst","2017-06-16","46738.00",237,"CA","Single","No",3,7,"Yes","Mumbai"
1113,"Indranil","Dhar","Female",26,"IT","Database Administrator","2019-12-31","124727.00",244,"BBA","Single","No",5,6,"Yes","Hyderabad"
1114,"Anaya","Lata","Female",28,"HR","Recruiter","2018-10-04","68632.00",208,"B.Tech","Single","No",1,9,"No","Pune"
1115,"Mamooty","Ben","Male",41,"Operations","Supply Chain Analyst","2021-11-08","90548.00",209,"B.Tech","Single","Yes",4,1,"No","Delhi"
1116,"Samar","Andra","Female",29,"Sales","Regional Sales Manager","2023-06-21","110362.00",215,"M.Tech","Married","Yes",3,10,"No","Noida"
1117,"Amani","Varghese","Female",27,"IT","Database Administrator","2022-10-03","147758.00",212,"BBA","Single","No",1,8,"No","Mumbai"
1118,"Jayan","Sood","Female",24,"Operations","Plant Supervisor","2025-09-12","138438.00",210,"M.Tech","Married","Yes",4,2,"No","Delhi"
1119,"Jivin","Yadav","Female",23,"Sales","Sales Manager","2022-01-09","89889.00",232,"M.Tech","Single","No",1,6,"No","Chennai"
1120,"Yasmin","Shah","Male",23,"Finance","Finance Manager","2025-12-15","77940.00",230,"CA","Single","No",4,10,"Yes","Mumbai"
1121,"Dhanuk","Halder","Male",39,"Finance","Finance Manager","2024-11-21","133631.00",238,"M.Com","Married","Yes",3,4,"No","Pune"
1122,"Amani","Kata","Female",24,"HR","Talent Acquisition Lead","2023-06-07","51296.00",231,"M.Com","Single","Yes",2,5,"No","Chennai"
1123,"Hridaan","Upadhyay","Male",38,"HR","Talent Acquisition Lead","2025-02-28","83130.00",204,"M.Com","Single","No",4,1,"No","Chennai"
1124,"Aradhya","Tata","Male",33,"IT","Data Analyst","2022-03-07","69478.00",246,"CA","Single","No",2,1,"No","Chennai"
1125,"Drishya","Khosla","Female",44,"Operations","Operations Manager","2025-03-10","99836.00",240,"B.Tech","Single","Yes",4,1,"No","Pune"
1126,"Lakshit","Bajwa","Female",38,"HR","HR Executive","2020-01-23","92282.00",234,"B.Com","Married","Yes",2,5,"No","Pune"
1127,"Chirag","Shah","Female",35,"Operations","Supply Chain Analyst","2022-02-08","92482.00",247,"B.Com","Married","No",2,8,"No","Chennai"
1128,"Arnav","Bhasin","Female",24,"Marketing","SEO Specialist","2025-09-02","89601.00",238,"BBA","Single","No",3,2,"Yes","Hyderabad"
1129,"Purab","Viswanathan","Female",27,"IT","Database Administrator","2016-09-03","129926.00",228,"M.Tech","Married","Yes",3,10,"No","Hyderabad"
1130,"Sara","Rege","Female",33,"Operations","Operations Manager","2023-06-03","104932.00",247,"CA","Single","Yes",2,10,"No","Noida"
1131,"Aradhya","Raval","Female",33,"Finance","Accountant","2025-07-10","81151.00",236,"MBA","Single","No",3,6,"No","Mumbai"
1132,"Vanya","Sharaf","Female",32,"Marketing","Marketing Analyst","2021-04-16","118283.00",217,"B.Tech","Single","Yes",2,8,"No","Mumbai"
1133,"Khushi","Kumer","Male",41,"IT","BI Analyst","2025-07-19","67526.00",244,"B.Com","Single","Yes",2,2,"No","Noida"
1134,"Kaira","Aggarwal","Male",39,"Finance","Finance Manager","2026-02-22","112303.00",218,"M.Tech","Single","Yes",3,9,"No","Delhi"
1135,"Hiran","Varma","Male",33,"HR","Recruiter","2024-08-26","102238.00",236,"M.Tech","Married","Yes",5,2,"Yes","Kolkata"
1136,"Bhavin","Sama","Female",35,"Operations","Plant Supervisor","2016-12-17","148489.00",236,"MBA","Single","No",1,8,"No","Chennai"
1137,"Navya","Sridhar","Male",35,"HR","Recruiter","2022-07-30","107288.00",203,"BBA","Single","Yes",3,3,"Yes","Delhi"
1138,"Indrajit","Zacharia","Female",28,"IT","BI Analyst","2018-11-21","122958.00",235,"M.Tech","Single","No",5,9,"Yes","Bangalore"
1139,"Mishti","Barman","Female",40,"Marketing","Content Strategist","2018-11-29","40162.00",201,"MBA","Single","No",2,10,"No","Pune"
1140,"Aarav","Garg","Female",37,"Sales","Regional Sales Manager","2020-06-17","68408.00",243,"B.Com","Married","No",1,1,"Yes","Kolkata"
1141,"Hrishita","Acharya","Male",32,"Sales","Sales Manager","2019-09-12","142516.00",245,"M.Tech","Married","No",2,6,"No","Mumbai"
1142,"Ryan","Basu","Female",36,"IT","Software Engineer","2021-06-04","63865.00",209,"MBA","Single","No",4,10,"No","Bangalore"
1143,"Vivaan","Bava","Male",37,"IT","BI Analyst","2021-10-14","97902.00",229,"B.Com","Married","No",1,2,"No","Noida"
1144,"Anvi","Sampath","Male",23,"HR","Recruiter","2022-05-02","71467.00",231,"M.Com","Married","No",5,1,"No","Kolkata"
1145,"Misha","Sahni","Female",33,"HR","HR Manager","2025-10-21","36481.00",225,"MBA","Single","No",5,5,"Yes","Noida"
1146,"Ryan","Dash","Male",26,"Marketing","SEO Specialist","2022-01-04","41685.00",225,"M.Tech","Married","No",2,4,"No","Kolkata"
1147,"Emir","Banik","Male",44,"Marketing","Marketing Analyst","2016-08-04","81989.00",230,"M.Com","Married","Yes",5,9,"Yes","Chennai"
1148,"Parinaaz","Saran","Female",40,"HR","Talent Acquisition Lead","2022-02-25","82234.00",232,"BBA","Married","No",4,1,"No","Mumbai"
1149,"Hunar","Kohli","Male",41,"Sales","Regional Sales Manager","2016-09-12","103717.00",216,"CA","Single","Yes",5,8,"Yes","Kolkata"
1150,"Farhan","Biswas","Male",28,"HR","Recruiter","2020-08-27","31119.00",228,"M.Tech","Married","Yes",4,4,"No","Noida"
1151,"Tarini","Toor","Male",38,"Operations","Plant Supervisor","2021-05-15","58325.00",235,"M.Tech","Married","No",3,3,"No","Chennai"
1152,"Manjari","Varkey","Female",41,"Marketing","SEO Specialist","2024-06-21","96702.00",212,"B.Tech","Married","No",2,5,"No","Delhi"
1153,"Jhanvi","Chacko","Female",33,"Operations","Plant Supervisor","2025-01-27","108113.00",250,"CA","Married","No",1,10,"No","Kolkata"
1154,"Alia","Kuruvilla","Male",31,"Sales","Sales Manager","2022-10-14","49240.00",218,"CA","Single","No",4,5,"No","Delhi"
1155,"Dhanuk","Saxena","Female",26,"HR","HR Manager","2019-02-03","44803.00",239,"CA","Single","Yes",1,9,"No","Delhi"
1156,"Jayant","Kunda","Female",25,"Finance","Financial Analyst","2017-12-10","124724.00",249,"B.Tech","Single","Yes",4,8,"No","Delhi"
1157,"Manikya","Chada","Male",24,"IT","BI Analyst","2025-04-05","124296.00",236,"B.Tech","Single","Yes",4,3,"No","Pune"
1158,"Jayant","Sahota","Female",23,"Sales","Sales Manager","2018-07-16","38331.00",219,"M.Com","Single","No",3,8,"No","Noida"
1159,"Vidur","Keer","Male",32,"HR","Talent Acquisition Lead","2022-05-15","54177.00",246,"B.Com","Married","Yes",1,6,"No","Delhi"
1160,"Drishya","Chopra","Female",24,"HR","Talent Acquisition Lead","2025-03-19","85289.00",242,"MBA","Single","Yes",4,6,"No","Pune"
1161,"Ivana","Wable","Female",32,"IT","Database Administrator","2017-09-06","75382.00",237,"CA","Single","No",3,4,"Yes","Mumbai"
1162,"Pihu","Kota","Female",44,"Sales","Sales Manager","2025-11-25","48521.00",240,"M.Tech","Married","Yes",2,3,"No","Noida"
1163,"Dhanuk","Devi","Female",39,"Operations","Plant Supervisor","2018-08-30","133804.00",242,"BBA","Single","Yes",5,2,"No","Chennai"
1164,"Rania","Karan","Male",40,"Finance","Financial Analyst","2019-08-22","101413.00",209,"B.Tech","Married","No",1,4,"No","Noida"
1165,"Indranil","Wadhwa","Female",26,"Finance","Tax Consultant","2017-06-13","101966.00",226,"B.Com","Single","No",3,1,"No","Pune"
1166,"Zara","Chawla","Male",35,"Operations","Operations Manager","2016-07-05","81126.00",244,"MBA","Single","Yes",4,1,"No","Bangalore"
1167,"Farhan","Shere","Female",36,"HR","Talent Acquisition Lead","2026-03-21","144725.00",224,"B.Com","Single","Yes",3,2,"Yes","Kolkata"
1168,"Ayesha","Sachdeva","Male",22,"Marketing","Marketing Analyst","2022-04-18","137795.00",201,"M.Tech","Married","No",5,7,"No","Delhi"
1169,"Prerak","Deshpande","Male",45,"Sales","Sales Manager","2018-10-20","130497.00",207,"MBA","Married","Yes",2,4,"Yes","Pune"
1170,"Zaina","Vig","Male",29,"Sales","Regional Sales Manager","2021-09-08","132027.00",202,"B.Com","Married","Yes",5,4,"No","Pune"
1171,"Kashvi","Raj","Female",40,"HR","HR Manager","2022-09-12","110764.00",249,"CA","Married","Yes",3,3,"No","Delhi"
1172,"Renee","Gade","Male",42,"Sales","Sales Manager","2021-06-16","124447.00",227,"M.Com","Married","Yes",3,7,"No","Chennai"
1173,"Eshani","Deo","Female",34,"Operations","Supply Chain Analyst","2016-07-13","66928.00",248,"M.Com","Married","Yes",2,5,"No","Bangalore"
1174,"Raghav","Kadakia","Female",39,"Sales","Sales Executive","2019-12-22","103390.00",208,"B.Com","Single","No",2,6,"No","Noida"
1175,"Nehmat","Badami","Male",23,"IT","Data Analyst","2017-07-19","73599.00",224,"CA","Single","Yes",2,10,"No","Delhi"
1176,"Taran","Jaggi","Female",31,"Sales","Sales Executive","2019-12-23","36334.00",213,"B.Tech","Single","No",2,10,"No","Kolkata"
1177,"Saksham","Kannan","Female",36,"HR","HR Manager","2019-08-30","109395.00",241,"M.Tech","Married","No",3,9,"No","Noida"
1178,"Renee","Gandhi","Female",28,"Finance","Tax Consultant","2017-01-14","81980.00",220,"B.Com","Single","Yes",2,1,"No","Kolkata"
1179,"Yasmin","Sheth","Male",34,"IT","Software Engineer","2026-04-20","109350.00",215,"B.Com","Married","No",4,8,"No","Chennai"
1180,"Mohanlal","Chatterjee","Female",27,"HR","Recruiter","2020-11-05","110546.00",241,"MBA","Single","Yes",1,1,"No","Delhi"
1181,"Gokul","Dey","Female",33,"Finance","Accountant","2020-12-02","47042.00",239,"CA","Married","No",1,1,"No","Kolkata"
1182,"Taran","Dhawan","Female",39,"Finance","Financial Analyst","2022-06-13","69238.00",201,"M.Com","Married","Yes",1,2,"No","Delhi"
1183,"Kanav","Tandon","Female",34,"HR","HR Manager","2017-04-24","45405.00",223,"B.Com","Married","Yes",2,5,"No","Mumbai"
1184,"Rasha","Ghose","Male",34,"Operations","Plant Supervisor","2022-06-27","77945.00",224,"M.Com","Married","Yes",1,3,"Yes","Kolkata"
1185,"Tara","Chaudry","Male",38,"Operations","Supply Chain Analyst","2021-01-02","49226.00",214,"B.Tech","Married","No",1,2,"No","Hyderabad"
1186,"Dhanush","Kohli","Male",32,"Marketing","Content Strategist","2021-08-30","36982.00",213,"M.Com","Single","No",1,5,"Yes","Delhi"
1187,"Eva","Dixit","Female",34,"Marketing","SEO Specialist","2022-08-09","133930.00",247,"B.Tech","Single","No",1,2,"No","Mumbai"
1188,"Hunar","Chacko","Female",22,"IT","Database Administrator","2020-11-25","127498.00",217,"BBA","Married","No",2,6,"No","Kolkata"
1189,"Ira","Balan","Female",24,"Sales","Sales Executive","2021-08-02","133705.00",239,"M.Tech","Single","Yes",1,5,"Yes","Bangalore"
1190,"Manjari","Kulkarni","Male",24,"Operations","Supply Chain Analyst","2026-04-07","35505.00",219,"B.Com","Married","No",1,3,"Yes","Kolkata"
1191,"Taimur","Vora","Female",25,"Sales","Regional Sales Manager","2023-12-29","45633.00",205,"M.Tech","Single","No",4,1,"No","Kolkata"
1192,"Samiha","Soman","Male",43,"Finance","Accountant","2016-07-04","77990.00",210,"B.Tech","Married","No",3,8,"Yes","Bangalore"
1193,"Sara","Dasgupta","Female",24,"Sales","Sales Manager","2020-04-06","75732.00",216,"B.Tech","Married","Yes",4,2,"Yes","Pune"
1194,"Kiara","Jhaveri","Female",32,"Sales","Sales Manager","2018-07-05","97722.00",221,"B.Com","Single","No",3,10,"No","Delhi"
1195,"Neysa","Kade","Female",32,"Sales","Sales Manager","2021-01-26","74470.00",247,"CA","Married","Yes",3,7,"No","Kolkata"
1196,"Elakshi","Sahota","Male",40,"IT","Data Analyst","2026-01-26","108432.00",211,"CA","Single","No",2,8,"No","Mumbai"
1197,"Rohan","Tripathi","Female",29,"Sales","Regional Sales Manager","2023-06-08","61293.00",242,"B.Tech","Married","No",1,8,"No","Noida"
1198,"Ranbir","Gera","Female",39,"Marketing","SEO Specialist","2016-12-15","38540.00",250,"M.Tech","Single","Yes",2,6,"Yes","Pune"
1199,"Mahika","Mand","Female",32,"Marketing","Content Strategist","2017-08-20","137180.00",227,"MBA","Single","Yes",3,4,"No","Delhi"
1200,"Jivika","Chandran","Male",33,"Sales","Sales Manager","2024-03-28","39529.00",230,"MBA","Married","No",1,2,"No","Bangalore"
1201,"Manikya","Khare","Male",38,"IT","BI Analyst","2026-01-23","99538.00",222,"B.Com","Single","No",4,6,"Yes","Pune"
1202,"Aarush","Hayre","Female",42,"Operations","Operations Manager","2023-01-28","47324.00",243,"BBA","Single","Yes",5,3,"No","Chennai"
1203,"Ojas","Wagle","Male",34,"Marketing","SEO Specialist","2019-02-13","119803.00",211,"B.Tech","Married","No",1,10,"No","Noida"
1204,"Manikya","Verma","Male",28,"Marketing","SEO Specialist","2025-04-14","73031.00",248,"CA","Single","Yes",5,3,"No","Delhi"
1205,"Dhruv","Solanki","Female",38,"Sales","Sales Executive","2021-12-27","120548.00",220,"M.Com","Married","No",5,2,"No","Noida"
1206,"Purab","Badami","Female",41,"Marketing","Marketing Analyst","2022-10-21","120956.00",205,"CA","Single","No",1,4,"No","Bangalore"
1207,"Hazel","Toor","Female",41,"IT","Software Engineer","2016-12-10","47022.00",236,"B.Com","Married","Yes",4,9,"No","Bangalore"
1208,"Tushar","Shanker","Male",27,"Marketing","Marketing Analyst","2022-05-21","77414.00",228,"M.Com","Single","No",1,8,"Yes","Kolkata"
1209,"Zain","Yogi","Female",43,"Marketing","Content Strategist","2024-02-23","98011.00",226,"CA","Married","No",2,2,"No","Delhi"
1210,"Indrajit","Talwar","Female",27,"IT","Data Analyst","2018-08-13","141584.00",229,"M.Com","Married","Yes",5,2,"No","Chennai"
1211,"Vihaan","Kalita","Female",39,"Marketing","Marketing Analyst","2020-04-12","65113.00",227,"MBA","Single","No",1,8,"No","Mumbai"
1212,"Shanaya","Ram","Male",28,"Sales","Sales Executive","2018-02-07","144515.00",247,"M.Com","Married","No",2,10,"Yes","Delhi"
1213,"Ojas","Chatterjee","Female",41,"HR","HR Executive","2019-06-28","108476.00",210,"M.Tech","Married","No",5,5,"No","Mumbai"
1214,"Aayush","Hora","Female",42,"HR","Talent Acquisition Lead","2025-04-15","52883.00",244,"BBA","Single","Yes",2,6,"No","Kolkata"
1215,"Mannat","Sharma","Female",42,"Sales","Sales Executive","2016-06-19","93040.00",224,"B.Com","Single","Yes",4,9,"No","Chennai"
1216,"Shlok","Rajan","Male",45,"Sales","Sales Manager","2018-12-15","46577.00",246,"B.Com","Married","Yes",5,7,"No","Kolkata"
1217,"Vihaan","Khurana","Female",32,"HR","Talent Acquisition Lead","2016-10-08","111056.00",236,"B.Tech","Married","No",1,1,"Yes","Noida"
1218,"Lakshit","Kashyap","Male",36,"Finance","Financial Analyst","2022-04-14","95878.00",200,"B.Com","Single","Yes",3,3,"No","Hyderabad"
1219,"Zeeshan","Sarin","Female",43,"Finance","Finance Manager","2026-03-10","122955.00",210,"MBA","Married","No",2,7,"No","Mumbai"
1220,"Nirvaan","Kar","Male",40,"Finance","Accountant","2024-09-25","67047.00",233,"CA","Married","Yes",1,6,"No","Kolkata"
1221,"Hridaan","Gokhale","Male",34,"Operations","Operations Manager","2016-05-22","41780.00",246,"BBA","Single","Yes",3,6,"No","Bangalore"
1222,"Badal","Gara","Male",24,"Sales","Sales Executive","2021-11-03","106321.00",236,"MBA","Single","No",3,4,"No","Bangalore"
1223,"Shayak","Kibe","Male",24,"Sales","Regional Sales Manager","2025-12-01","48092.00",208,"BBA","Single","No",3,7,"No","Bangalore"
1224,"Divit","Tank","Male",39,"HR","HR Manager","2024-05-22","110967.00",238,"CA","Married","Yes",3,4,"No","Delhi"
1225,"Aarna","Choudhary","Male",29,"Operations","Supply Chain Analyst","2022-09-11","100928.00",224,"MBA","Single","No",5,2,"No","Pune"
1226,"Parinaaz","Varkey","Female",33,"IT","BI Analyst","2025-10-19","101991.00",243,"B.Tech","Married","Yes",1,10,"Yes","Hyderabad"
1227,"Hansh","Ganesh","Female",38,"HR","HR Executive","2019-12-27","67060.00",240,"CA","Married","No",4,2,"No","Bangalore"
1228,"Faiyaz","Shenoy","Male",26,"IT","Data Analyst","2023-05-11","110418.00",220,"B.Com","Single","No",4,4,"Yes","Mumbai"
1229,"Seher","Rau","Male",31,"Sales","Sales Executive","2016-06-10","116197.00",247,"CA","Single","Yes",1,3,"No","Bangalore"
1230,"Indrans","Chanda","Female",27,"Sales","Sales Manager","2023-02-05","82939.00",208,"CA","Married","Yes",1,6,"No","Hyderabad"
1231,"Vihaan","Sabharwal","Male",37,"Marketing","Marketing Analyst","2020-09-22","86693.00",232,"M.Tech","Single","No",5,3,"No","Hyderabad"
1232,"Arhaan","Subramanian","Male",23,"Finance","Financial Analyst","2023-05-11","151411.00",200,"B.Tech","Single","No",3,7,"No","Bangalore"
1233,"Elakshi","Sachdev","Male",35,"Finance","Tax Consultant","2023-02-04","126253.00",220,"M.Tech","Single","No",1,9,"No","Pune"
1234,"Aarav","Shanker","Male",34,"HR","Recruiter","2020-01-12","44427.00",229,"BBA","Married","No",3,2,"No","Pune"
1235,"Divij","Choudhry","Female",45,"IT","Software Engineer","2024-09-03","114767.00",215,"B.Com","Married","No",2,9,"No","Delhi"
1236,"Zara","Majumdar","Male",29,"HR","HR Executive","2020-07-10","100594.00",222,"CA","Single","No",1,7,"No","Hyderabad"
1237,"Charvi","Kumar","Male",35,"Finance","Accountant","2022-03-16","95302.00",203,"B.Tech","Married","Yes",1,4,"No","Kolkata"
1238,"Advika","Bhalla","Male",40,"Operations","Supply Chain Analyst","2023-07-01","47426.00",232,"B.Tech","Married","Yes",5,10,"Yes","Bangalore"
1239,"Tanya","Banik","Female",34,"HR","HR Manager","2018-10-21","119083.00",247,"M.Tech","Married","No",3,4,"Yes","Delhi"
1240,"Tanya","Solanki","Male",36,"HR","HR Executive","2022-09-03","100703.00",220,"B.Com","Single","No",2,8,"No","Hyderabad"
1241,"Kashvi","Shanker","Female",44,"Finance","Financial Analyst","2018-07-19","125299.00",238,"MBA","Single","No",2,2,"No","Chennai"
1242,"Devansh","Choudhry","Female",30,"Sales","Regional Sales Manager","2016-12-15","141751.00",211,"MBA","Married","No",5,9,"No","Noida"
1243,"Khushi","Bhargava","Male",29,"Finance","Accountant","2020-10-09","51859.00",212,"BBA","Married","No",1,10,"No","Mumbai"
1244,"Uthkarsh","Jhaveri","Female",26,"Finance","Financial Analyst","2023-09-17","40118.00",221,"MBA","Single","No",1,3,"No","Kolkata"
1245,"Damini","Wadhwa","Female",43,"Operations","Supply Chain Analyst","2020-12-12","93161.00",211,"M.Tech","Single","Yes",3,5,"No","Bangalore"
1246,"Anahi","Halder","Female",35,"Finance","Accountant","2026-03-24","115785.00",230,"MBA","Single","No",4,3,"No","Delhi"
1247,"Aaryahi","Kadakia","Female",44,"Operations","Plant Supervisor","2023-08-19","84112.00",230,"M.Com","Married","No",5,9,"No","Hyderabad"
1248,"Dhanush","Ratta","Male",22,"HR","HR Executive","2023-10-08","150559.00",249,"M.Tech","Single","No",5,6,"No","Delhi"
1249,"Abram","Andra","Male",30,"HR","HR Executive","2016-12-23","103358.00",250,"CA","Single","Yes",5,7,"No","Bangalore"
1250,"Ivan","Sarkar","Female",40,"HR","Recruiter","2022-10-06","40106.00",245,"CA","Married","Yes",5,4,"No","Noida"
1251,"Amani","Sawhney","Male",24,"Marketing","SEO Specialist","2021-07-04","36807.00",214,"M.Com","Single","Yes",5,8,"Yes","Delhi"
1252,"Yashvi","Shetty","Female",23,"HR","HR Manager","2020-04-17","38133.00",209,"M.Com","Single","Yes",5,6,"No","Chennai"
1253,"Mannat","Kannan","Male",32,"Operations","Plant Supervisor","2020-04-19","72618.00",220,"B.Tech","Single","No",4,6,"Yes","Chennai"
1254,"Alia","Banik","Female",26,"HR","Recruiter","2024-07-21","57248.00",246,"MBA","Married","Yes",2,10,"No","Delhi"
1255,"Lagan","Sheth","Female",26,"Operations","Plant Supervisor","2020-05-08","83417.00",247,"MBA","Single","No",3,3,"No","Mumbai"
1256,"Navya","Guha","Female",36,"Operations","Plant Supervisor","2025-06-28","39010.00",216,"B.Tech","Single","Yes",3,5,"No","Pune"
1257,"Urvi","Kannan","Female",27,"Finance","Tax Consultant","2020-01-03","94727.00",231,"B.Com","Married","No",1,8,"No","Delhi"
1258,"Rasha","Balasubramanian","Male",31,"HR","Talent Acquisition Lead","2019-05-09","38665.00",220,"M.Tech","Single","Yes",3,3,"No","Bangalore"
1259,"Kashvi","Dani","Male",32,"Operations","Operations Manager","2023-11-29","112634.00",239,"B.Com","Single","No",2,10,"No","Bangalore"
1260,"Saksham","Rajan","Male",35,"Finance","Financial Analyst","2017-06-07","128491.00",235,"CA","Married","No",3,4,"Yes","Kolkata"
1261,"Ishaan","Kota","Male",23,"Marketing","Content Strategist","2020-08-14","83982.00",200,"B.Com","Single","No",5,8,"Yes","Pune"
1262,"Shamik","Garg","Male",37,"HR","Recruiter","2025-04-27","143878.00",207,"M.Tech","Married","No",4,5,"Yes","Kolkata"
1263,"Heer","Yadav","Female",27,"HR","HR Manager","2021-03-07","94973.00",202,"M.Tech","Married","No",3,4,"No","Pune"
1264,"Madhav","Dhar","Female",39,"HR","HR Executive","2018-03-16","98469.00",248,"M.Com","Single","Yes",4,9,"No","Noida"
1265,"Raghav","Vora","Male",34,"Marketing","Marketing Analyst","2021-02-27","152991.00",245,"MBA","Single","Yes",4,3,"No","Bangalore"
1266,"Adah","Chaudhuri","Female",24,"HR","Recruiter","2024-04-05","128174.00",227,"B.Tech","Single","No",3,2,"Yes","Kolkata"
1267,"Lagan","Loyal","Female",22,"Marketing","SEO Specialist","2019-04-28","138347.00",244,"M.Com","Married","Yes",4,3,"Yes","Mumbai"
1268,"Saksham","Dave","Female",35,"Finance","Financial Analyst","2022-01-17","67227.00",224,"CA","Married","No",1,3,"No","Bangalore"
1269,"Hunar","Choudhry","Female",23,"Marketing","Content Strategist","2016-06-24","89258.00",221,"CA","Single","Yes",4,5,"No","Pune"
1270,"Khushi","Joshi","Female",44,"IT","BI Analyst","2021-01-03","131019.00",206,"BBA","Single","Yes",3,8,"No","Chennai"
1271,"Lavanya","Shroff","Male",28,"IT","Database Administrator","2021-03-09","97799.00",213,"BBA","Married","No",5,6,"No","Bangalore"
1272,"Trisha","Lal","Female",26,"Finance","Finance Manager","2019-12-03","134486.00",233,"M.Com","Single","Yes",2,4,"No","Delhi"
1273,"Neelofar","Guha","Female",44,"Finance","Tax Consultant","2020-01-31","57383.00",217,"M.Tech","Married","No",1,1,"No","Noida"
1274,"Aarush","Ramanathan","Female",40,"Marketing","SEO Specialist","2023-08-17","113858.00",222,"M.Tech","Single","No",1,5,"Yes","Pune"
1275,"Suhana","Vasa","Male",43,"HR","Recruiter","2026-04-15","63073.00",217,"CA","Married","Yes",1,8,"No","Bangalore"
1276,"Ivan","Uppal","Female",44,"Marketing","Marketing Analyst","2017-10-11","126155.00",241,"M.Tech","Married","No",3,8,"No","Noida"
1277,"Fateh","Mannan","Male",38,"IT","Database Administrator","2018-06-07","117501.00",223,"M.Com","Married","No",1,8,"Yes","Hyderabad"
1278,"Tarini","Dhingra","Female",42,"Operations","Supply Chain Analyst","2022-02-18","125081.00",241,"M.Tech","Single","Yes",5,4,"No","Kolkata"
1279,"Renee","Doshi","Male",42,"Operations","Supply Chain Analyst","2017-03-09","93120.00",218,"M.Tech","Married","No",4,1,"No","Delhi"
1280,"Rhea","Ben","Female",43,"IT","Software Engineer","2020-12-14","89428.00",232,"M.Tech","Single","Yes",3,2,"No","Hyderabad"
1281,"Vidur","Gade","Male",43,"Operations","Plant Supervisor","2023-12-19","83431.00",241,"MBA","Single","No",2,5,"No","Chennai"
1282,"Rasha","Samra","Female",25,"IT","BI Analyst","2025-03-28","100361.00",203,"BBA","Single","No",2,9,"Yes","Kolkata"
1283,"Misha","Ghosh","Male",26,"Marketing","SEO Specialist","2017-01-17","61128.00",221,"B.Com","Married","Yes",3,3,"No","Noida"
1284,"Ishita","Sami","Male",22,"IT","Software Engineer","2016-07-16","93055.00",217,"B.Tech","Single","Yes",4,2,"Yes","Kolkata"
1285,"Dhruv","Sawhney","Female",34,"Operations","Supply Chain Analyst","2017-05-15","32682.00",202,"M.Com","Single","No",1,6,"No","Delhi"
1286,"Kashvi","Barad","Male",29,"Finance","Financial Analyst","2022-05-23","127101.00",222,"M.Tech","Single","Yes",4,9,"No","Bangalore"
1287,"Azad","Sinha","Female",36,"Finance","Financial Analyst","2019-01-16","133469.00",233,"M.Com","Married","No",2,6,"No","Noida"
1288,"Aayush","Ganesh","Female",22,"IT","Software Engineer","2021-08-23","69298.00",214,"CA","Single","Yes",1,10,"No","Mumbai"
1289,"Shanaya","Sidhu","Female",39,"IT","Data Analyst","2025-10-20","117955.00",203,"M.Com","Single","Yes",1,1,"No","Kolkata"
1290,"Rasha","Gopal","Female",37,"Sales","Sales Manager","2021-09-25","125479.00",209,"B.Tech","Single","No",4,2,"No","Hyderabad"
1291,"Pari","Bhargava","Female",25,"Marketing","Content Strategist","2019-11-18","109412.00",246,"M.Com","Single","No",1,2,"No","Delhi"
1292,"Azad","Divan","Female",31,"IT","Software Engineer","2022-09-23","59791.00",202,"M.Com","Married","Yes",4,6,"No","Pune"
1293,"Heer","Batta","Female",26,"Operations","Operations Manager","2019-08-12","43885.00",249,"M.Com","Single","Yes",3,4,"No","Hyderabad"
1294,"Kiaan","Malhotra","Male",23,"IT","Database Administrator","2025-10-06","142833.00",218,"M.Tech","Married","No",1,2,"No","Pune"
1295,"Suhana","Swamy","Male",32,"Finance","Accountant","2023-11-05","89335.00",228,"M.Com","Married","Yes",3,6,"Yes","Kolkata"
1296,"Heer","Raval","Female",44,"Sales","Sales Manager","2024-08-05","144102.00",230,"BBA","Married","Yes",1,3,"No","Pune"
1297,"Shaan","Babu","Female",40,"HR","HR Executive","2017-10-09","128039.00",228,"B.Tech","Married","No",5,1,"No","Bangalore"
1298,"Anaya","De","Female",36,"Sales","Sales Manager","2018-07-10","39463.00",204,"M.Tech","Married","Yes",5,10,"No","Delhi"
1299,"Samar","Varma","Male",35,"Operations","Supply Chain Analyst","2019-04-08","127691.00",246,"B.Tech","Married","No",4,3,"No","Pune"
1300,"Tushar","Chana","Female",37,"Finance","Accountant","2025-08-10","151045.00",210,"MBA","Married","No",2,6,"No","Pune"
1301,"Badal","Vyas","Female",34,"Marketing","Marketing Analyst","2021-03-24","150780.00",215,"MBA","Married","No",5,8,"Yes","Noida"
1302,"Eshani","Banik","Female",45,"Sales","Sales Manager","2021-09-08","126276.00",201,"MBA","Married","No",1,9,"No","Mumbai"
1303,"Vidur","Kant","Male",42,"Marketing","Content Strategist","2026-01-03","126096.00",229,"M.Tech","Married","Yes",2,8,"No","Noida"
1304,"Anahi","Shere","Female",25,"Operations","Plant Supervisor","2018-05-24","43004.00",248,"CA","Single","Yes",3,6,"No","Hyderabad"
1305,"Shlok","Doctor","Male",23,"Marketing","Content Strategist","2019-04-09","52777.00",231,"B.Tech","Married","Yes",3,10,"Yes","Mumbai"
1306,"Seher","Bumb","Male",44,"Sales","Sales Executive","2020-04-09","83571.00",206,"BBA","Married","Yes",5,2,"No","Noida"
1307,"Aniruddh","Warrior","Male",37,"Sales","Regional Sales Manager","2020-12-16","38950.00",233,"CA","Single","No",5,8,"No","Bangalore"
1308,"Armaan","Dasgupta","Male",25,"Operations","Plant Supervisor","2019-04-21","91324.00",242,"M.Com","Married","No",4,10,"No","Delhi"
1309,"Neelofar","Lal","Female",36,"IT","Database Administrator","2022-03-21","141263.00",208,"B.Tech","Married","No",5,6,"No","Delhi"
1310,"Piya","Walia","Female",43,"HR","Recruiter","2019-05-15","83802.00",243,"B.Tech","Single","No",1,6,"No","Kolkata"
1311,"Yakshit","Khurana","Female",35,"Operations","Plant Supervisor","2023-05-09","136366.00",200,"M.Com","Single","Yes",4,3,"Yes","Pune"
1312,"Neelofar","Kant","Male",31,"HR","HR Manager","2022-03-15","122249.00",216,"B.Tech","Single","No",2,9,"Yes","Noida"
1313,"Neysa","Gandhi","Female",29,"Finance","Accountant","2020-08-06","106629.00",250,"BBA","Married","Yes",4,7,"No","Chennai"
1314,"Armaan","Rastogi","Female",28,"Marketing","Marketing Analyst","2026-04-23","114876.00",249,"BBA","Married","Yes",3,10,"No","Delhi"
1315,"Kabir","Sanghvi","Male",43,"Operations","Operations Manager","2018-04-13","42021.00",211,"B.Tech","Single","No",1,7,"No","Hyderabad"
1316,"Armaan","Vig","Female",22,"HR","Recruiter","2023-01-06","83657.00",229,"CA","Single","Yes",2,6,"No","Hyderabad"
1317,"Dishani","Issac","Male",44,"Sales","Regional Sales Manager","2021-01-07","83085.00",233,"B.Tech","Single","Yes",5,3,"No","Kolkata"
1318,"Manikya","Chadha","Male",43,"Finance","Finance Manager","2021-04-20","80722.00",221,"M.Tech","Married","Yes",5,9,"No","Pune"
1319,"Shray","Wali","Male",23,"Finance","Finance Manager","2022-12-10","124118.00",220,"B.Com","Single","No",3,9,"No","Pune"
1320,"Sana","Malhotra","Female",37,"Marketing","SEO Specialist","2021-09-20","43637.00",218,"CA","Single","No",5,2,"No","Bangalore"
1321,"Aayush","Chaudry","Male",28,"Marketing","Content Strategist","2023-04-19","126587.00",240,"BBA","Single","No",1,4,"No","Kolkata"
1322,"Onkar","Ram","Male",22,"Operations","Operations Manager","2025-01-23","95573.00",245,"M.Tech","Single","Yes",1,1,"Yes","Hyderabad"
1323,"Saira","Din","Male",30,"Marketing","Marketing Analyst","2022-09-28","84248.00",224,"B.Com","Married","No",3,1,"No","Mumbai"
1324,"Vihaan","Goswami","Male",45,"Marketing","Marketing Analyst","2023-12-21","114280.00",202,"CA","Single","No",5,2,"No","Hyderabad"
1325,"Romil","Gokhale","Female",34,"Marketing","Marketing Analyst","2020-10-02","87974.00",242,"MBA","Married","Yes",5,4,"Yes","Kolkata"
1326,"Lavanya","Jhaveri","Male",31,"Marketing","SEO Specialist","2022-06-14","118717.00",250,"BBA","Married","Yes",5,9,"Yes","Pune"
1327,"Gatik","Kota","Male",31,"Finance","Tax Consultant","2021-10-10","63633.00",247,"CA","Married","Yes",4,9,"Yes","Bangalore"
1328,"Anahi","Varughese","Male",43,"HR","HR Manager","2016-12-02","137893.00",236,"BBA","Single","No",5,2,"No","Mumbai"
1329,"Ela","Lal","Female",32,"IT","Data Analyst","2022-01-20","89399.00",208,"CA","Single","Yes",3,10,"Yes","Delhi"
1330,"Saanvi","Krishnamurthy","Female",44,"IT","Database Administrator","2023-12-10","118684.00",209,"M.Com","Married","No",4,3,"Yes","Delhi"
1331,"Priyansh","Dhaliwal","Female",26,"HR","Talent Acquisition Lead","2021-11-15","133142.00",246,"M.Tech","Married","No",4,6,"No","Noida"
1332,"Farhan","Char","Male",30,"Marketing","Marketing Analyst","2025-09-25","150912.00",208,"M.Com","Single","No",1,2,"No","Pune"
1333,"Vaibhav","Dora","Male",23,"Marketing","Content Strategist","2019-01-26","109404.00",216,"M.Com","Married","Yes",3,7,"No","Hyderabad"
1334,"Taran","Vyas","Male",34,"HR","Talent Acquisition Lead","2020-10-03","88147.00",232,"MBA","Single","Yes",5,3,"No","Bangalore"
1335,"Riya","Sankaran","Male",45,"Marketing","Content Strategist","2021-03-10","135199.00",230,"M.Tech","Single","Yes",4,4,"Yes","Chennai"
1336,"Pihu","Sankaran","Female",34,"HR","HR Executive","2025-03-30","99604.00",229,"MBA","Single","No",1,9,"No","Hyderabad"
1337,"Darshit","Kashyap","Male",34,"Operations","Supply Chain Analyst","2020-06-16","116101.00",224,"M.Tech","Single","No",4,4,"No","Chennai"
1338,"Samar","Din","Male",38,"IT","Database Administrator","2025-11-20","53415.00",228,"B.Tech","Single","Yes",5,5,"No","Bangalore"
1339,"Anahita","Keer","Male",43,"HR","HR Manager","2022-02-15","66816.00",226,"BBA","Married","Yes",4,8,"No","Bangalore"
1340,"Zain","Yohannan","Male",26,"Operations","Supply Chain Analyst","2018-10-21","112372.00",237,"B.Tech","Single","Yes",5,3,"Yes","Hyderabad"
1341,"Yashvi","Gopal","Male",45,"HR","Talent Acquisition Lead","2018-06-21","133034.00",242,"BBA","Married","Yes",2,8,"No","Noida"
1342,"Arhaan","Contractor","Female",41,"Sales","Sales Executive","2022-04-06","54701.00",250,"M.Com","Single","No",2,6,"No","Mumbai"
1343,"Nirvaan","Khanna","Male",22,"HR","Talent Acquisition Lead","2024-10-11","58573.00",233,"BBA","Married","Yes",5,2,"Yes","Pune"
1344,"Kavya","Kapur","Male",37,"Marketing","Content Strategist","2022-12-21","123572.00",208,"M.Com","Single","No",5,7,"No","Pune"
1345,"Shanaya","Tiwari","Female",34,"Operations","Plant Supervisor","2020-12-13","77852.00",237,"BBA","Single","No",2,5,"No","Delhi"
1346,"Himmat","Shukla","Female",30,"Finance","Finance Manager","2025-08-27","61915.00",200,"CA","Single","Yes",5,1,"No","Delhi"
1347,"Chirag","Wali","Male",26,"Operations","Supply Chain Analyst","2020-12-26","95009.00",241,"M.Com","Married","No",5,7,"No","Hyderabad"
1348,"Ivana","Gala","Female",39,"Operations","Supply Chain Analyst","2025-10-23","143438.00",235,"B.Com","Single","No",5,9,"No","Hyderabad"
1349,"Nirvaan","Ghosh","Female",45,"Marketing","SEO Specialist","2020-10-19","51272.00",242,"MBA","Single","No",2,2,"No","Kolkata"
1350,"Tara","Joshi","Male",24,"IT","Data Analyst","2021-11-19","149304.00",209,"B.Com","Married","Yes",1,5,"No","Mumbai"
1351,"Pranay","Sharaf","Female",41,"Marketing","Marketing Analyst","2020-01-20","123947.00",233,"M.Tech","Single","Yes",4,8,"Yes","Hyderabad"
1352,"Kabir","Choudhary","Male",41,"HR","HR Executive","2017-04-21","59391.00",243,"MBA","Married","Yes",1,3,"Yes","Hyderabad"
1353,"Vritika","Khurana","Female",40,"Sales","Sales Manager","2025-06-25","57370.00",233,"MBA","Single","Yes",5,5,"No","Chennai"
1354,"Ishaan","Kar","Male",36,"IT","BI Analyst","2020-01-13","89530.00",236,"MBA","Married","Yes",4,9,"Yes","Mumbai"
1355,"Anvi","Cheema","Male",38,"Marketing","SEO Specialist","2017-07-19","77902.00",234,"BBA","Married","No",4,10,"No","Delhi"
1356,"Uthkarsh","Agarwal","Male",37,"IT","Database Administrator","2021-04-26","52383.00",216,"MBA","Married","Yes",2,6,"No","Chennai"
1357,"Taimur","Sankar","Female",29,"Marketing","Content Strategist","2018-03-02","71337.00",205,"B.Com","Married","Yes",5,3,"No","Chennai"
1358,"Saksham","Kaul","Male",37,"HR","HR Manager","2018-06-16","133481.00",212,"B.Tech","Single","No",2,4,"No","Delhi"
1359,"Vardaniya","Gade","Male",25,"Marketing","SEO Specialist","2024-08-03","40772.00",243,"CA","Married","Yes",5,1,"No","Chennai"
1360,"Madhav","Wadhwa","Female",37,"Marketing","SEO Specialist","2022-05-12","63734.00",248,"M.Com","Married","No",2,10,"Yes","Kolkata"
1361,"Myra","Sani","Female",34,"Sales","Regional Sales Manager","2025-12-31","148861.00",243,"BBA","Single","No",1,9,"No","Pune"
1362,"Anay","Gera","Male",32,"Finance","Accountant","2016-05-27","84281.00",239,"BBA","Married","Yes",5,5,"No","Noida"
1363,"Drishya","Venkataraman","Female",35,"Marketing","SEO Specialist","2026-01-07","60564.00",226,"CA","Married","No",4,5,"No","Bangalore"
1364,"Navya","Goyal","Male",45,"Marketing","Content Strategist","2021-11-09","62132.00",215,"M.Com","Married","No",2,3,"No","Bangalore"
1365,"Zara","Barad","Female",26,"Sales","Sales Executive","2024-04-19","139088.00",240,"M.Com","Married","No",3,5,"No","Pune"
1366,"Damini","Ganesh","Male",28,"Sales","Sales Executive","2017-12-07","137145.00",216,"B.Com","Single","No",3,5,"No","Hyderabad"
1367,"Samiha","Ramakrishnan","Female",43,"IT","Data Analyst","2023-02-24","116375.00",212,"M.Com","Single","No",3,6,"No","Noida"
1368,"Indrans","Dayal","Female",41,"Operations","Supply Chain Analyst","2023-08-25","74316.00",229,"CA","Single","Yes",3,7,"No","Kolkata"
1369,"Bhamini","Dash","Male",32,"Finance","Financial Analyst","2018-06-01","70595.00",241,"M.Tech","Married","No",3,8,"No","Chennai"
1370,"Aarush","Batta","Female",35,"Operations","Plant Supervisor","2020-02-03","54936.00",211,"BBA","Single","Yes",2,5,"No","Mumbai"
1371,"Aayush","Thakkar","Male",24,"HR","Recruiter","2018-12-04","94121.00",235,"MBA","Single","No",5,2,"Yes","Bangalore"
1372,"Lakshay","Rastogi","Male",45,"Finance","Tax Consultant","2021-03-01","72093.00",228,"CA","Single","Yes",5,3,"Yes","Chennai"
1373,"Kiaan","Karnik","Female",39,"IT","Database Administrator","2024-11-10","92461.00",208,"CA","Single","No",5,7,"No","Hyderabad"
1374,"Kiara","Ahluwalia","Male",36,"IT","Database Administrator","2019-06-29","77885.00",223,"B.Com","Married","Yes",3,1,"Yes","Bangalore"
1375,"Sana","Chopra","Male",44,"IT","BI Analyst","2023-07-04","104005.00",248,"B.Com","Married","Yes",4,5,"No","Pune"
1376,"Saira","Kuruvilla","Female",34,"Marketing","SEO Specialist","2025-02-15","75089.00",210,"CA","Married","No",2,5,"Yes","Delhi"
1377,"Adira","Goda","Female",31,"Marketing","Content Strategist","2020-02-15","118539.00",247,"M.Com","Married","No",2,2,"Yes","Hyderabad"
1378,"Renee","Halder","Female",44,"Finance","Tax Consultant","2019-08-14","115198.00",231,"B.Tech","Married","Yes",2,1,"No","Pune"
1379,"Rania","Tailor","Male",44,"HR","HR Executive","2023-04-06","89656.00",246,"MBA","Single","Yes",2,1,"No","Chennai"
1380,"Lakshit","Singh","Female",33,"Sales","Sales Manager","2022-01-08","100243.00",244,"BBA","Single","No",1,3,"Yes","Kolkata"
1381,"Darshit","Banik","Female",34,"Finance","Tax Consultant","2025-07-16","139726.00",200,"MBA","Single","No",4,4,"No","Pune"
1382,"Devansh","Saraf","Male",38,"HR","Talent Acquisition Lead","2024-06-30","124478.00",213,"B.Com","Married","No",3,3,"No","Pune"
1383,"Shray","Andra","Female",37,"Operations","Plant Supervisor","2023-09-16","115280.00",219,"B.Tech","Married","Yes",2,2,"No","Kolkata"
1384,"Yuvraj ","Kamdar","Female",40,"IT","Data Analyst","2026-02-11","49502.00",225,"BBA","Single","Yes",1,10,"No","Noida"
1385,"Vedika","Jaggi","Male",29,"Operations","Plant Supervisor","2019-11-11","56319.00",231,"MBA","Married","Yes",1,6,"No","Mumbai"
1386,"Anika","Bajwa","Female",36,"HR","Talent Acquisition Lead","2022-06-28","130161.00",212,"MBA","Married","No",2,5,"No","Noida"
1387,"Azad","Dhar","Female",28,"Operations","Supply Chain Analyst","2021-04-16","105286.00",211,"M.Com","Married","No",4,5,"No","Bangalore"
1388,"Drishya","Kashyap","Female",39,"Finance","Accountant","2025-01-04","86949.00",229,"MBA","Married","Yes",1,10,"No","Delhi"
1389,"Zara","Vala","Female",28,"IT","Data Analyst","2018-07-26","108098.00",243,"B.Com","Single","No",3,7,"No","Mumbai"
1390,"Tushar","Chhabra","Male",27,"Finance","Financial Analyst","2020-03-06","145686.00",202,"B.Tech","Single","No",2,2,"Yes","Kolkata"
1391,"Gatik","Salvi","Female",23,"Operations","Supply Chain Analyst","2025-04-12","84507.00",214,"M.Com","Single","Yes",2,8,"No","Mumbai"
1392,"Yuvaan","Kala","Female",33,"Sales","Regional Sales Manager","2025-03-07","140448.00",245,"MBA","Married","Yes",1,5,"Yes","Delhi"
1393,"Myra","Kulkarni","Male",39,"Marketing","Marketing Analyst","2022-09-26","77958.00",212,"B.Tech","Single","Yes",5,9,"No","Mumbai"
1394,"Raunak","Gala","Female",44,"Operations","Plant Supervisor","2021-01-10","119111.00",227,"MBA","Single","Yes",5,7,"No","Bangalore"
1395,"Damini","Dara","Female",32,"Marketing","Content Strategist","2016-12-09","106780.00",220,"BBA","Married","No",4,6,"No","Delhi"
1396,"Jivin","Sachdeva","Female",33,"Sales","Regional Sales Manager","2019-04-12","95434.00",228,"B.Com","Single","Yes",3,10,"Yes","Bangalore"
1397,"Aayush","Reddy","Male",28,"IT","Data Analyst","2025-06-21","149357.00",220,"MBA","Married","Yes",1,1,"No","Bangalore"
1398,"Sumer","Mahajan","Male",29,"HR","HR Manager","2017-03-24","67309.00",219,"MBA","Married","Yes",1,6,"No","Bangalore"
1399,"Mannat","Batta","Male",41,"Sales","Regional Sales Manager","2019-10-25","123679.00",219,"MBA","Married","Yes",1,6,"No","Kolkata"
1400,"Mahika","Varughese","Male",45,"Sales","Sales Executive","2018-11-18","118095.00",238,"MBA","Married","Yes",3,9,"Yes","Bangalore"
1401,"Ahana ","Bhavsar","Female",36,"IT","Software Engineer","2024-11-16","136330.00",238,"M.Com","Single","Yes",4,5,"No","Bangalore"
1402,"Tanya","Agate","Male",39,"HR","HR Manager","2026-01-03","90327.00",216,"MBA","Married","No",2,3,"No","Delhi"
1403,"Emir","Bhattacharyya","Male",39,"Sales","Sales Manager","2019-07-19","119521.00",247,"M.Com","Single","Yes",1,5,"No","Chennai"
1404,"Aarush","Dash","Female",35,"Operations","Plant Supervisor","2021-06-22","76639.00",222,"B.Tech","Married","No",5,1,"No","Bangalore"
1405,"Reyansh","Jha","Female",23,"IT","Database Administrator","2023-12-06","140061.00",214,"B.Tech","Married","Yes",1,2,"No","Delhi"
1406,"Baiju","Buch","Female",22,"Marketing","Marketing Analyst","2025-10-29","84982.00",244,"BBA","Single","No",4,8,"Yes","Delhi"
1407,"Jiya","Bahl","Female",39,"Operations","Plant Supervisor","2020-05-22","94642.00",239,"CA","Single","Yes",4,10,"No","Pune"
1408,"Lavanya","Mani","Male",44,"IT","Software Engineer","2020-08-20","114763.00",217,"MBA","Married","Yes",1,7,"No","Chennai"
1409,"Miraya","Arora","Female",29,"Finance","Financial Analyst","2021-03-02","78812.00",232,"CA","Single","No",4,10,"No","Bangalore"
1410,"Stuvan","Batra","Male",23,"HR","Talent Acquisition Lead","2025-12-06","72965.00",233,"M.Tech","Married","No",4,3,"Yes","Chennai"
1411,"Hrishita","Tara","Female",23,"IT","BI Analyst","2017-02-15","116673.00",216,"B.Com","Single","No",2,3,"No","Kolkata"
1412,"Khushi","Sagar","Female",38,"Operations","Operations Manager","2026-04-28","123514.00",239,"BBA","Single","No",2,10,"Yes","Hyderabad"
1413,"Krish","Dey","Male",28,"Marketing","SEO Specialist","2019-03-04","117447.00",208,"M.Com","Single","Yes",3,9,"No","Kolkata"
1414,"Ranbir","Chandran","Male",27,"HR","Recruiter","2019-01-20","70019.00",209,"CA","Single","No",4,7,"No","Hyderabad"
1415,"Anya","Sahota","Male",22,"HR","Recruiter","2023-06-09","134519.00",239,"M.Com","Married","Yes",5,4,"No","Pune"
1416,"Shamik","Jayaraman","Female",26,"IT","Data Analyst","2025-10-18","96829.00",238,"B.Com","Married","Yes",4,8,"No","Bangalore"
1417,"Hunar","Tara","Male",30,"HR","Recruiter","2020-12-24","83164.00",214,"CA","Single","Yes",1,3,"No","Noida"
1418,"Hiran","Shan","Female",29,"Marketing","SEO Specialist","2025-02-09","83309.00",225,"BBA","Single","No",3,7,"No","Pune"
1419,"Farhan","Lala","Male",29,"Marketing","Marketing Analyst","2016-09-26","103624.00",234,"B.Com","Single","No",5,1,"Yes","Noida"
1420,"Aaina","Virk","Female",36,"Sales","Sales Manager","2017-05-13","64539.00",227,"M.Tech","Single","Yes",4,8,"Yes","Mumbai"
1421,"Sara","Bir","Female",36,"HR","Recruiter","2017-08-05","36563.00",211,"B.Com","Single","No",1,5,"No","Bangalore"
1422,"Krish","Venkatesh","Male",44,"Operations","Plant Supervisor","2016-07-19","85530.00",240,"M.Tech","Single","No",5,10,"No","Kolkata"
1423,"Anay","Krish","Male",32,"Marketing","SEO Specialist","2017-07-13","103469.00",242,"BBA","Single","Yes",2,3,"No","Pune"
1424,"Sana","Kale","Female",31,"Sales","Sales Manager","2018-05-23","122914.00",211,"MBA","Single","Yes",1,10,"No","Pune"
1425,"Renee","Varkey","Male",41,"Sales","Sales Manager","2018-12-18","96270.00",215,"B.Tech","Married","No",4,8,"Yes","Pune"
1426,"Dhanuk","Srivastava","Male",23,"HR","HR Manager","2020-06-09","59701.00",209,"MBA","Married","Yes",2,1,"No","Hyderabad"
1427,"Riya","Dhar","Female",27,"IT","Data Analyst","2024-10-24","55456.00",243,"M.Tech","Single","No",5,6,"No","Mumbai"
1428,"Charvi","Balan","Female",24,"IT","BI Analyst","2020-12-14","131492.00",227,"BBA","Single","No",4,3,"Yes","Hyderabad"
1429,"Divit","Goyal","Male",41,"IT","Database Administrator","2021-12-30","42804.00",206,"M.Com","Single","No",5,5,"No","Chennai"
1430,"Yuvraj ","Sule","Female",38,"IT","BI Analyst","2020-06-21","131779.00",240,"B.Com","Married","Yes",5,4,"No","Delhi"
1431,"Saksham","Ganguly","Male",45,"Finance","Financial Analyst","2019-08-29","148505.00",213,"BBA","Married","No",1,6,"No","Delhi"
1432,"Indranil","Hans","Female",24,"Finance","Accountant","2023-09-22","81455.00",219,"M.Com","Married","Yes",1,6,"No","Pune"
1433,"Rasha","Balay","Female",43,"HR","Recruiter","2025-04-27","105901.00",230,"BBA","Single","Yes",4,3,"No","Chennai"
1434,"Kashvi","Dube","Male",38,"Sales","Sales Manager","2025-07-15","81331.00",236,"CA","Married","Yes",2,10,"No","Chennai"
1435,"Adira","Hora","Male",32,"Finance","Accountant","2024-01-10","89396.00",240,"M.Com","Single","No",2,10,"Yes","Hyderabad"
1436,"Anahita","Viswanathan","Female",35,"Operations","Supply Chain Analyst","2020-03-12","44323.00",231,"B.Tech","Married","No",3,4,"No","Bangalore"
1437,"Renee","Arya","Male",24,"Finance","Finance Manager","2018-09-11","89580.00",232,"MBA","Married","Yes",2,6,"No","Hyderabad"
1438,"Ritvik","Goyal","Male",38,"IT","Software Engineer","2024-10-05","128866.00",208,"B.Tech","Single","No",4,9,"Yes","Hyderabad"
1439,"Badal","Kohli","Male",25,"Finance","Financial Analyst","2017-11-02","105323.00",249,"CA","Married","Yes",5,5,"No","Delhi"
1440,"Tara","Kara","Female",39,"IT","Software Engineer","2023-05-19","82215.00",249,"B.Com","Single","No",2,3,"No","Pune"
1441,"Kismat","Bala","Male",39,"Marketing","Content Strategist","2019-10-20","83389.00",235,"M.Tech","Married","Yes",3,10,"No","Mumbai"
1442,"Advika","Sinha","Male",26,"IT","BI Analyst","2022-12-07","40412.00",230,"CA","Single","Yes",4,1,"Yes","Kolkata"
1443,"Kashvi","Rana","Female",32,"HR","Talent Acquisition Lead","2019-01-26","142930.00",212,"CA","Single","No",5,3,"Yes","Noida"
1444,"Nitara","Kale","Female",37,"Finance","Tax Consultant","2019-06-10","74621.00",214,"B.Tech","Married","No",4,3,"No","Chennai"
1445,"Indrajit","Virk","Male",37,"IT","Database Administrator","2020-06-25","57231.00",222,"B.Com","Married","Yes",3,6,"No","Bangalore"
1446,"Ojas","Lad","Male",32,"Marketing","Marketing Analyst","2016-11-12","111609.00",241,"MBA","Married","No",4,10,"No","Delhi"
1447,"Uthkarsh","Sarin","Female",24,"Marketing","Marketing Analyst","2017-01-12","85576.00",213,"BBA","Married","No",5,6,"No","Delhi"
1448,"Sumer","Banik","Female",25,"HR","HR Executive","2024-05-16","114384.00",238,"B.Com","Married","Yes",4,3,"No","Kolkata"
1449,"Yashvi","Loke","Female",32,"Finance","Financial Analyst","2016-08-30","95125.00",241,"CA","Single","Yes",2,3,"No","Pune"
1450,"Shalv","Dara","Female",34,"HR","Recruiter","2016-06-07","117329.00",236,"B.Com","Single","Yes",3,5,"No","Hyderabad"
1451,"Hansh","Sabharwal","Female",24,"Sales","Regional Sales Manager","2023-06-02","120113.00",200,"M.Com","Married","Yes",3,1,"No","Pune"
1452,"Arnav","Sarna","Female",22,"Finance","Finance Manager","2023-09-27","63869.00",227,"CA","Married","No",4,7,"No","Delhi"
1453,"Armaan","Tara","Male",39,"Operations","Operations Manager","2017-07-02","82706.00",223,"BBA","Married","Yes",3,3,"Yes","Mumbai"
1454,"Sahil","Chopra","Female",43,"Operations","Operations Manager","2017-08-03","95822.00",208,"MBA","Single","No",4,10,"No","Bangalore"
1455,"Elakshi","Baria","Female",34,"Sales","Regional Sales Manager","2020-10-02","81762.00",214,"B.Tech","Married","Yes",5,8,"No","Delhi"
1456,"Ivana","Dhingra","Female",23,"Operations","Plant Supervisor","2021-06-03","47662.00",236,"B.Com","Married","Yes",5,8,"No","Mumbai"
1457,"Nirvi","Chopra","Male",38,"HR","HR Manager","2016-10-22","122184.00",205,"B.Tech","Married","Yes",5,10,"No","Pune"
1458,"Adah","Goel","Female",40,"IT","Data Analyst","2025-07-27","130346.00",221,"B.Com","Married","No",3,3,"Yes","Hyderabad"
1459,"Sana","Dutta","Female",40,"Operations","Plant Supervisor","2021-06-18","54138.00",236,"MBA","Married","Yes",3,8,"Yes","Mumbai"
1460,"Aayush","Iyengar","Female",30,"IT","BI Analyst","2018-05-20","154984.00",216,"MBA","Single","Yes",5,3,"No","Chennai"
1461,"Advik","Som","Male",37,"HR","HR Manager","2024-08-09","55478.00",233,"BBA","Single","No",1,3,"No","Bangalore"
1462,"Kashvi","Dutt","Male",43,"Sales","Sales Manager","2020-02-26","93682.00",246,"CA","Single","Yes",5,6,"Yes","Hyderabad"
1463,"Piya","Varghese","Female",37,"Finance","Financial Analyst","2019-01-15","76299.00",230,"CA","Single","No",4,8,"No","Kolkata"
1464,"Manjari","Walia","Female",34,"Finance","Finance Manager","2022-09-01","124449.00",220,"M.Com","Single","Yes",5,6,"No","Kolkata"
1465,"Heer","Rege","Female",30,"Marketing","Content Strategist","2025-11-03","68497.00",206,"M.Tech","Married","No",2,10,"No","Chennai"
1466,"Uthkarsh","Jaggi","Female",39,"Operations","Plant Supervisor","2018-08-01","44144.00",243,"MBA","Single","Yes",4,2,"No","Noida"
1467,"Zara","Bhatti","Female",28,"IT","Software Engineer","2017-08-08","38613.00",201,"M.Com","Single","Yes",5,4,"No","Mumbai"
1468,"Mamooty","Ganesh","Male",34,"Operations","Operations Manager","2021-01-19","128055.00",248,"CA","Single","Yes",2,5,"No","Mumbai"
1469,"Nirvi","Lall","Female",35,"Operations","Supply Chain Analyst","2018-07-28","129849.00",242,"BBA","Married","No",2,2,"No","Pune"
1470,"Ojas","Dugal","Male",30,"Sales","Sales Manager","2022-11-03","144568.00",216,"B.Tech","Married","Yes",4,4,"No","Bangalore"
1471,"Krish","Seshadri","Female",28,"Operations","Supply Chain Analyst","2021-08-23","114794.00",241,"MBA","Married","No",1,1,"Yes","Hyderabad"
1472,"Saira","Rattan","Male",42,"Sales","Sales Executive","2016-12-06","116393.00",200,"MBA","Married","No",2,6,"No","Pune"
1473,"Jivin","Brahmbhatt","Female",37,"Marketing","Content Strategist","2022-05-04","95063.00",225,"BBA","Single","Yes",1,7,"No","Noida"
1474,"Ayesha","Luthra","Female",34,"Finance","Finance Manager","2021-11-09","39663.00",240,"CA","Single","No",5,6,"Yes","Noida"
1475,"Manikya","Bir","Male",34,"IT","Software Engineer","2021-02-01","124949.00",212,"M.Tech","Married","Yes",3,8,"Yes","Noida"
1476,"Tarini","Kulkarni","Male",22,"Operations","Operations Manager","2018-06-14","126664.00",237,"B.Tech","Married","No",1,9,"No","Noida"
1477,"Inaaya ","Barman","Male",23,"Marketing","SEO Specialist","2019-12-30","72642.00",203,"M.Tech","Single","No",1,4,"No","Noida"
1478,"Rhea","Reddy","Male",24,"Operations","Plant Supervisor","2016-07-13","36464.00",247,"B.Tech","Married","Yes",4,10,"Yes","Bangalore"
1479,"Vidur","Venkataraman","Female",25,"Finance","Accountant","2023-10-31","94028.00",239,"B.Tech","Single","Yes",1,8,"No","Delhi"
1480,"Riya","Halder","Female",32,"Finance","Accountant","2026-02-09","52234.00",243,"M.Com","Single","No",2,1,"No","Chennai"
1481,"Vardaniya","Sandhu","Female",27,"Finance","Financial Analyst","2021-08-01","122669.00",223,"M.Com","Single","No",2,10,"Yes","Mumbai"
1482,"Anika","Mani","Male",22,"Operations","Plant Supervisor","2023-01-20","97995.00",205,"MBA","Single","Yes",1,10,"No","Kolkata"
1483,"Adah","Sampath","Male",26,"Operations","Supply Chain Analyst","2025-06-06","116975.00",217,"M.Com","Married","No",2,3,"No","Pune"
1484,"Hunar","Contractor","Male",42,"Marketing","Marketing Analyst","2020-05-11","143788.00",250,"M.Tech","Married","No",1,9,"No","Mumbai"
1485,"Anahi","Dua","Male",36,"Marketing","Marketing Analyst","2018-02-25","129961.00",240,"CA","Single","No",1,4,"Yes","Bangalore"
1486,"Vedika","Guha","Male",43,"Operations","Supply Chain Analyst","2017-02-14","41005.00",203,"CA","Married","No",2,7,"No","Noida"
1487,"Lakshay","Dalal","Male",27,"Finance","Financial Analyst","2018-08-30","137787.00",201,"B.Com","Single","Yes",2,8,"No","Chennai"
1488,"Neelofar","Dhar","Female",29,"Sales","Sales Executive","2024-01-22","132847.00",207,"M.Tech","Single","Yes",2,7,"No","Kolkata"
1489,"Samarth","Bail","Female",23,"HR","HR Executive","2025-09-17","96345.00",209,"B.Tech","Married","Yes",4,6,"Yes","Delhi"
1490,"Jiya","Mani","Male",32,"Operations","Supply Chain Analyst","2023-12-29","51007.00",202,"CA","Single","No",2,2,"No","Noida"
1491,"Ishaan","Shankar","Male",31,"Sales","Sales Executive","2025-12-03","112076.00",210,"BBA","Single","Yes",1,7,"No","Noida"
1492,"Divit","Desai","Female",22,"HR","Talent Acquisition Lead","2018-03-23","133470.00",227,"CA","Single","Yes",3,7,"No","Bangalore"
1493,"Samiha","Khanna","Male",23,"Marketing","Marketing Analyst","2022-11-08","97833.00",246,"BBA","Single","No",5,7,"No","Mumbai"
1494,"Mannat","Deo","Male",44,"Sales","Sales Manager","2022-04-06","130757.00",226,"B.Tech","Single","No",3,4,"No","Mumbai"
1495,"Prisha","Bala","Male",44,"Finance","Tax Consultant","2021-06-22","98255.00",236,"CA","Single","No",4,3,"No","Kolkata"
1496,"Anahi","Tak","Male",42,"HR","HR Manager","2018-10-03","47408.00",224,"CA","Married","Yes",3,7,"No","Delhi"
1497,"Seher","Randhawa","Female",45,"Operations","Operations Manager","2019-06-06","44897.00",232,"CA","Married","Yes",1,7,"No","Pune"
1498,"Taimur","Dasgupta","Male",39,"IT","BI Analyst","2016-05-23","136496.00",249,"B.Tech","Single","No",2,9,"Yes","Noida"
1499,"Rasha","Dugal","Male",45,"Operations","Plant Supervisor","2023-03-06","133363.00",214,"M.Tech","Married","No",5,7,"No","Mumbai"
1500,"Akarsh","Contractor","Male",37,"IT","BI Analyst","2025-06-17","121898.00",234,"CA","Married","No",5,6,"No","Mumbai"
